recycler_id,company_name,facility_name,facility_address,district,state,pincode,contact_person,official_phone,official_email,website,cpcb_registration_id,cpcb_registration_status,registration_date,registration_valid_until,spcb_name,verification_status,last_verified_date,materials_accepted,eee_categories,processing_capacity_mt_per_year,pickup_available,service_area,price_material,price_per_kg,price_unit,price_type,price_source,price_date,price_valid_until,minimum_quantity_kg,pickup_charge,latitude,longitude,match_score,verification_score,data_confidence,source_name,source_url,synthetic_fields,is_synthetic,created_at,updated_at
EC-REC-00001,ASCENT URBAN RECYCLERS PVT LTD,ASCENT URBAN RECYCLERS PVT LTD,"No:62/1B, 2A2, Padur Road, Mevalurkuppam Village, Sriperambathur Taluk, Kanchipuram District, 602105, T.N. Sriperambathur Taluk, Kanchipuram District, 602105, T.N.",Kanchipuram,Maharashtra,602105.0,Muthuraj,9791111311,muthuraj@aedindia.com,https://www.ascenturbanrecyclers.example.com,SYN-CPCB-REC-10000,Registered - Synthetic Prototype,2024-11-17,2029-11-17,SPCB - Synthetic,Pending Verification,2026-09-13,"Copper, Aluminium, PCB, Plastics",IT Equipment,7770,Yes,"Kanchipuram,",Mixed E-Waste,78.92,kg,Synthetic Indicative Price,SYNTHETIC_PROTOTYPE,2026-09-13,2026-10-13,500,1000,8.716471,72.374428,75,74,0.83,ELCOT Angadi - E-Waste Management,https://elcotangadi.tn.gov.in/webroot/e-waste-services/,"state, website, materials_accepted, eee_categories",TRUE,2026-09-13 16:09:36,2026-09-13 16:09:36
EC-REC-00002,TERRA GREENTEC ECYCLE SOLUTIONS,TERRA GREENTEC ECYCLE SOLUTIONS,"185/1A2, D.Duraiswamipuram Village, Ottapidaram Thaluk, Thoothukudi District - 628 105 Ottapidaram Thaluk, Thoothukudi District - 628 105",Thoothukudi,Maharashtra,636049,Gomathy Sankar,8220055121,info@terragreentec.com,https://www.terragreentececycles.example.com,SYN-CPCB-REC-10001,Registered - Synthetic Prototype,2024-06-09,2029-06-09,SPCB - Synthetic,Pending Verification,2026-09-13,"Copper, Aluminium, Cables",Consumer Electronics,1360,Yes,"Thoothukudi,",Copper,586.84,kg,Synthetic Indicative Price,SYNTHETIC_PROTOTYPE,2026-09-13,2026-10-13,500,750,25.54688,79.988713,74,63,0.9,ELCOT Angadi - E-Waste Management,https://elcotangadi.tn.gov.in/webroot/e-waste-services/,"state, pincode, website, materials_accepted, eee_categories",TRUE,2026-09-13 16:09:36,2026-09-13 16:09:36
EC-REC-00003,RELECTRON INDIA PRIVATE LIMITED,RELECTRON INDIA PRIVATE LIMITED,"Plot No. S-1, Phase III, Sipcot Industrial Park Mukundarayapuram Village, Walajah Taluk, Ranipet District - 632 405",Ranipet,Kerala,696531,Sabeel Ahmed Iqbal,7777878805,shoaib.malik@relectronindia.com,https://www.relectronindiaprivat.example.com,SYN-CPCB-REC-10002,Registered - Synthetic Prototype,2023-04-28,2028-04-28,SPCB - Synthetic,Pending Verification,2026-09-13,"Copper, Aluminium, PCB, Plastics","Consumer Electronics, Electrical Equipment",5890,Yes,"Ranipet,",Copper,662.26,kg,Synthetic Indicative Price,SYNTHETIC_PROTOTYPE,2026-09-13,2026-10-13,25,0,13.951897,80.963845,62,58,0.7,ELCOT Angadi - E-Waste Management,https://elcotangadi.tn.gov.in/webroot/e-waste-services/,"state, pincode, website, materials_accepted, eee_categories",TRUE,2026-09-13 16:09:36,2026-09-13 16:09:36
EC-REC-00004,JACSGREEN RECYCLING PRIVATE LIMITED,JACSGREEN RECYCLING PRIVATE LIMITED,"A-5/4 Cheyyar SIPCOT Industrial Complex, Cheyyar Taluk, Tiruvanamalai District - 631701",Tiruvanamalai,Maharashtra,631701.0,Jayaprakash,9787756090,admin@jacsgreen.com,https://www.jacsgreenrecyclingpr.example.com,SYN-CPCB-REC-10003,Registered - Synthetic Prototype,2023-06-18,2028-06-18,SPCB - Synthetic,Pending Verification,2026-09-13,Mixed E-Waste,IT Equipment,13918,Yes,"Tiruvanamalai,",Mixed E-Waste,26.96,kg,Synthetic Indicative Price,SYNTHETIC_PROTOTYPE,2026-09-13,2026-10-13,100,0,29.854622,68.142973,66,75,0.77,ELCOT Angadi - E-Waste Management,https://elcotangadi.tn.gov.in/webroot/e-waste-services/,"state, website, materials_accepted, eee_categories",TRUE,2026-09-13 16:09:36,2026-09-13 16:09:36
EC-REC-00005,Dell International Services India Private Ltd.,Dell International Services India Private Ltd.,"Synthetic Industrial Area, Warangal, Telangana, 604166",Warangal,Telangana,604166,"Challaghatta Village, Varthur Hobli,",9123591713,srinithi.rangaraj@dell.com,https://www.dellinternationalser.example.com,SYN-CPCB-REC-10004,Registered - Synthetic Prototype,2023-10-05,2028-10-05,SPCB - Synthetic,Pending Verification,2026-09-13,"Copper, Aluminium, PCB, Plastics",IT Equipment,5691,Yes,State,PCB,268.77,kg,Synthetic Indicative Price,SYNTHETIC_PROTOTYPE,2026-09-13,2026-10-13,250,500,29.75712,83.359067,80,51,0.7,ELCOT Angadi - E-Waste Management,https://elcotangadi.tn.gov.in/webroot/e-waste-services/,"state, district, pincode, facility_address, website, materials_accepted, eee_categories, service_area",TRUE,2026-09-13 16:09:36,2026-09-13 16:09:36
EC-REC-00006,GREEN CLEAN RECYCLERS LLP,GREEN CLEAN RECYCLERS LLP,"Khasra No. 687M, Industrial Area Basantpur Saintli, Hisali Rd, Muradnagar, Basantpur Saitli, Uttar Pradesh - 201206",Unknown District,Uttar Pradesh,201206.0,"Hisali Rd, Muradnagar, Basantpur Saitli,",9315001913,ayushi@greencleanrecycle.com,https://www.greencleanrecyclersl.example.com,SYN-CPCB-REC-10005,Registered - Synthetic Prototype,2025-07-10,2030-07-10,Uttar Pradesh Pollution Control Board,Pending Verification,2026-09-13,Mixed E-Waste,"IT Equipment, Electrical Equipment",12464,Yes,Uttar Pradesh,Aluminium,82.98,kg,Synthetic Indicative Price,SYNTHETIC_PROTOTYPE,2026-09-13,2026-10-13,10,500,26.686951,80.601679,68,69,0.88,ELCOT Angadi - E-Waste Management,https://elcotangadi.tn.gov.in/webroot/e-waste-services/,"district, website, materials_accepted, eee_categories",TRUE,2026-09-13 16:09:36,2026-09-13 16:09:36
EC-REC-00007,RAJDHANI RECYCLING PRIVATE LIMITED,RAJDHANI RECYCLING PRIVATE LIMITED,"Building No./Flat No.: F-416, Road/Street: M.G Road, Dhaulana, Hapur District, Uttar Pradesh - 245301 Dhaulana, Hapur District,",Hapur,Uttar Pradesh,245301.0,Aprajita,9311082352,s.aprajita@rajdhanirecycling.com,https://www.rajdhanirecyclingpri.example.com,SYN-CPCB-REC-10006,Registered - Synthetic Prototype,2023-07-18,2028-07-18,Uttar Pradesh Pollution Control Board,Pending Verification,2026-09-13,"Copper, Aluminium, PCB, Plastics","IT Equipment, Electrical Equipment",11784,Yes,"Hapur, Uttar Pradesh",Aluminium,101.86,kg,Synthetic Indicative Price,SYNTHETIC_PROTOTYPE,2026-09-13,2026-10-13,100,250,27.303913,80.782795,77,77,0.78,ELCOT Angadi - E-Waste Management,https://elcotangadi.tn.gov.in/webroot/e-waste-services/,"website, materials_accepted, eee_categories",TRUE,2026-09-13 16:09:36,2026-09-13 16:09:36
EC-REC-00008,DK E-WASTE RECYCLING PRIVATE LIMITED,DK E-WASTE RECYCLING PRIVATE LIMITED,"Shed No 1, Ground Floor, Gramin House No 375, Survey No 475/3, Village Biloshi, Vada Road Bhiwandi Palghar, Maharashtra - 401404 Vada Road Bhiwandi Palghar, Maharashtra - 401404",Pune,Maharashtra,401404.0,Yashank,9818836111,Yashank@dkewaste.com,https://www.dkewasterecyclingpri.example.com,SYN-CPCB-REC-10007,Registered - Synthetic Prototype,2025-08-22,2030-08-22,Maharashtra Pollution Control Board,Pending Verification,2026-09-13,"Cables, Copper, Plastics","Consumer Electronics, Electrical Equipment",6234,Yes,Maharashtra,Aluminium,130.54,kg,Synthetic Indicative Price,SYNTHETIC_PROTOTYPE,2026-09-13,2026-10-13,25,750,19.344246,75.310616,63,56,0.71,ELCOT Angadi - E-Waste Management,https://elcotangadi.tn.gov.in/webroot/e-waste-services/,"district, website, materials_accepted, eee_categories",TRUE,2026-09-13 16:09:36,2026-09-13 16:09:36
EC-REC-00009,"Kanda, Din and Salvi E-Waste Recycling","Kanda, Din and Salvi E-Waste Recycling Facility","H.No. 75, Industrial Area, Trichy, Tamil Nadu",Trichy,Tamil Nadu,700910.0,Joshua Yadav,264372478,jagat15@mahajan-bhalla.com,https://www.kandadinandsalviewas.example.com,SYN-CPCB-57400,Synthetic Prototype,2024-05-09,2030-02-14,Tamil Nadu Pollution Control Board,Synthetic - Pending Verification,2026-09-13,"Copper, Aluminium, Iron, Plastics","IT Equipment, Electrical Equipment",12043,Yes,"Trichy, Tamil Nadu",Mixed E-Waste,69.48,kg,Synthetic Indicative Price,SYNTHETIC_PROTOTYPE,2026-09-13,2026-10-13,10,250,10.7059,78.450078,78,55,0.76,E-CIRCLE Synthetic Dataset,SYNTHETIC,website,TRUE,2026-09-13 16:11:44,2026-09-13 16:11:44
EC-REC-00010,Puri-Mishra E-Waste Recycling,Puri-Mishra E-Waste Recycling Facility,"08/63, Industrial Area, Trichy, Tamil Nadu",Trichy,Tamil Nadu,739987.0,Hritik Chana,915875307286,patlagagan@ramakrishnan-kapadia.info,https://www.purimishraewasterecy.example.com,SYN-CPCB-56566,Synthetic Prototype,2022-11-06,2029-03-29,Tamil Nadu Pollution Control Board,Synthetic - Pending Verification,2026-09-13,"Copper, Aluminium, Cables, Plastics","IT Equipment, Batteries",4874,Yes,"Trichy, Tamil Nadu",PCB,165.06,kg,Synthetic Indicative Price,SYNTHETIC_PROTOTYPE,2026-09-13,2026-10-13,250,250,10.905074,78.792584,94,65,0.55,E-CIRCLE Synthetic Dataset,SYNTHETIC,website,TRUE,2026-09-13 16:11:44,2026-09-13 16:11:44
EC-REC-00011,Nanda LLC E-Waste Recycling,Nanda LLC E-Waste Recycling Facility,"99, Industrial Area, Warangal, Telangana",Warangal,Telangana,718933.0,Samar Tak,914530198971,gbarad@dar.com,https://www.nandallcewasterecycl.example.com,SYN-CPCB-52504,Synthetic Prototype,2023-07-17,2030-04-01,Telangana Pollution Control Board,Synthetic - Pending Verification,2026-09-13,"Metals, Plastics, PCB, Cables","IT Equipment, Electrical Equipment",13213,Yes,"Warangal, Telangana",Plastic,24.88,kg,Synthetic Indicative Price,SYNTHETIC_PROTOTYPE,2026-09-13,2026-10-13,25,0,18.601923,79.1593,80,75,0.58,E-CIRCLE Synthetic Dataset,SYNTHETIC,website,TRUE,2026-09-13 16:11:44,2026-09-13 16:11:44
EC-REC-00012,"Sanghvi, Padmanabhan and Mandal E-Waste Recycling","Sanghvi, Padmanabhan and Mandal E-Waste Recycling Facility","586, Industrial Area, Hubballi, Karnataka",Hubballi,Karnataka,312460.0,Pallavi Arya,535252476,tatagunbir@dada.org,https://www.sanghvipadmanabhanan.example.com,SYN-CPCB-94259,Synthetic Prototype,2024-04-27,2028-06-20,Karnataka Pollution Control Board,Synthetic - Pending Verification,2026-09-13,"PCB, Copper, Plastics, Glass","IT Equipment, Electrical Equipment",4839,Yes,"Hubballi, Karnataka",Mixed E-Waste,59.94,kg,Synthetic Indicative Price,SYNTHETIC_PROTOTYPE,2026-09-13,2026-10-13,25,1000,15.693668,75.528578,94,66,0.72,E-CIRCLE Synthetic Dataset,SYNTHETIC,website,TRUE,2026-09-13 16:11:44,2026-09-13 16:11:44
EC-REC-00013,Char Inc E-Waste Recycling,Char Inc E-Waste Recycling Facility,"85/55, Industrial Area, Warangal, Telangana",Warangal,Telangana,352428.0,Sara Mani,2548681540,tanay35@acharya.com,https://www.charincewasterecycli.example.com,SYN-CPCB-21915,Synthetic Prototype,2024-06-28,2028-08-20,Telangana Pollution Control Board,Synthetic - Pending Verification,2026-09-13,"Metals, Plastics, PCB, Cables","IT Equipment, Consumer Electronics",14608,Yes,"Warangal, Telangana",Aluminium,130.95,kg,Synthetic Indicative Price,SYNTHETIC_PROTOTYPE,2026-09-13,2026-10-13,25,250,17.974396,79.516626,87,88,0.52,E-CIRCLE Synthetic Dataset,SYNTHETIC,website,TRUE,2026-09-13 16:11:44,2026-09-13 16:11:44
EC-REC-00014,Khosla LLC E-Waste Recycling,Khosla LLC E-Waste Recycling Facility,"H.No. 078, Industrial Area, Warangal, Telangana",Warangal,Telangana,655413.0,Gaurav Rajagopalan,912859553978,manthanbaral@sharaf-deshmukh.net,https://www.khoslallcewasterecyc.example.com,SYN-CPCB-99166,Synthetic Prototype,2025-08-12,2029-01-26,Telangana Pollution Control Board,Synthetic - Pending Verification,2026-09-13,"PCB, Batteries, Copper, Aluminium","IT Equipment, Consumer Electronics",11669,No,"Warangal, Telangana",Cables,288.49,kg,Synthetic Indicative Price,SYNTHETIC_PROTOTYPE,2026-09-13,2026-10-13,500,500,18.141514,79.490378,67,68,0.63,E-CIRCLE Synthetic Dataset,SYNTHETIC,website,TRUE,2026-09-13 16:11:44,2026-09-13 16:11:44
EC-REC-00015,"Andra, Nayak and Choudhary E-Waste Recycling","Andra, Nayak and Choudhary E-Waste Recycling Facility","136, Industrial Area, Hyderabad, Telangana",Hyderabad,Telangana,636173.0,Utkarsh Chaudhary,918526873219,victor75@suresh-chadha.com,https://www.andranayakandchoudha.example.com,SYN-CPCB-33416,Synthetic Prototype,2023-10-08,2029-09-10,Telangana Pollution Control Board,Synthetic - Pending Verification,2026-09-13,"Copper, Aluminium, Iron, Plastics","IT Equipment, Consumer Electronics",14762,No,"Hyderabad, Telangana",PCB,488.76,kg,Synthetic Indicative Price,SYNTHETIC_PROTOTYPE,2026-09-13,2026-10-13,500,1000,18.566216,79.395153,72,59,0.61,E-CIRCLE Synthetic Dataset,SYNTHETIC,website,TRUE,2026-09-13 16:11:44,2026-09-13 16:11:44
EC-REC-00016,"Devan, Loyal and Wadhwa E-Waste Recycling","Devan, Loyal and Wadhwa E-Waste Recycling Facility","68/659, Industrial Area, Hubballi, Karnataka",Hubballi,Karnataka,540380.0,Naksh Dugar,918072576276,ckhurana@jani.com,https://www.devanloyalandwadhwae.example.com,SYN-CPCB-74042,Synthetic Prototype,2025-05-07,2030-03-11,Karnataka Pollution Control Board,Synthetic - Pending Verification,2026-09-13,"PCB, Copper, Aluminium, Ferrous Metals, Plastics","IT Equipment, Consumer Electronics",6447,No,"Hubballi, Karnataka",Copper,559.63,kg,Synthetic Indicative Price,SYNTHETIC_PROTOTYPE,2026-09-13,2026-10-13,25,0,15.7708,76.136334,75,86,0.78,E-CIRCLE Synthetic Dataset,SYNTHETIC,website,TRUE,2026-09-13 16:11:44,2026-09-13 16:11:44
EC-REC-00017,"Mangat, Mani and Rao E-Waste Recycling","Mangat, Mani and Rao E-Waste Recycling Facility","H.No. 52, Industrial Area, Trichy, Tamil Nadu",Trichy,Tamil Nadu,683632.0,Dayita Kapur,1475341741,yochanaborde@sura-nayak.info,https://www.mangatmaniandraoewas.example.com,SYN-CPCB-26828,Synthetic Prototype,2024-12-23,2030-07-04,Tamil Nadu Pollution Control Board,Synthetic - Pending Verification,2026-09-13,"PCB, Batteries, Copper, Aluminium","Consumer Electronics, Display Equipment",9507,Yes,"Trichy, Tamil Nadu",Plastic,49.46,kg,Synthetic Indicative Price,SYNTHETIC_PROTOTYPE,2026-09-13,2026-10-13,50,1000,11.443123,79.134884,87,63,0.78,E-CIRCLE Synthetic Dataset,SYNTHETIC,website,TRUE,2026-09-13 16:11:44,2026-09-13 16:11:44
EC-REC-00018,Narain-Prasad E-Waste Recycling,Narain-Prasad E-Waste Recycling Facility,"56, Industrial Area, Vijayawada, Andhra Pradesh",Vijayawada,Andhra Pradesh,974601.0,Garima Thaman,7246122329,suriidika@prashad.com,https://www.narainprasadewastere.example.com,SYN-CPCB-67422,Synthetic Prototype,2025-01-16,2029-04-18,Andhra Pradesh Pollution Control Board,Synthetic - Pending Verification,2026-09-13,"Copper, Aluminium, Iron, Plastics","Consumer Electronics, Display Equipment",2482,Yes,"Vijayawada, Andhra Pradesh",Mixed E-Waste,71.99,kg,Synthetic Indicative Price,SYNTHETIC_PROTOTYPE,2026-09-13,2026-10-13,25,0,16.125849,79.638992,81,51,0.68,E-CIRCLE Synthetic Dataset,SYNTHETIC,website,TRUE,2026-09-13 16:11:44,2026-09-13 16:11:44
EC-REC-00019,"Mutti, Sharaf and Dayal E-Waste Recycling","Mutti, Sharaf and Dayal E-Waste Recycling Facility","H.No. 928, Industrial Area, Hubballi, Karnataka",Hubballi,Karnataka,795585.0,Kiaan Khalsa,2081341433,buchkrishna@misra.com,https://www.muttisharafanddayale.example.com,SYN-CPCB-18834,Synthetic Prototype,2023-03-16,2028-03-16,Karnataka Pollution Control Board,Synthetic - Pending Verification,2026-09-13,"PCB, Copper, Aluminium, Ferrous Metals, Plastics","IT Equipment, Electrical Equipment",5913,Yes,"Hubballi, Karnataka",Mixed E-Waste,24.71,kg,Synthetic Indicative Price,SYNTHETIC_PROTOTYPE,2026-09-13,2026-10-13,250,250,15.037517,75.284893,77,81,0.56,E-CIRCLE Synthetic Dataset,SYNTHETIC,website,TRUE,2026-09-13 16:11:44,2026-09-13 16:11:44
EC-REC-00020,Pau-Ramesh E-Waste Recycling,Pau-Ramesh E-Waste Recycling Facility,"46, Industrial Area, Hubballi, Karnataka",Hubballi,Karnataka,267840.0,Bhavini D’Alia,7641357901,kabir39@shroff.org,https://www.paurameshewasterecyc.example.com,SYN-CPCB-71993,Synthetic Prototype,2024-03-18,2027-11-19,Karnataka Pollution Control Board,Synthetic - Pending Verification,2026-09-13,"Metals, Plastics, PCB, Cables","Consumer Electronics, Display Equipment",3619,Yes,"Hubballi, Karnataka",Ferrous Metal,27.29,kg,Synthetic Indicative Price,SYNTHETIC_PROTOTYPE,2026-09-13,2026-10-13,10,750,15.752814,75.784943,82,77,0.62,E-CIRCLE Synthetic Dataset,SYNTHETIC,website,TRUE,2026-09-13 16:11:44,2026-09-13 16:11:44
EC-REC-00021,"Sen, Bora and Modi E-Waste Recycling","Sen, Bora and Modi E-Waste Recycling Facility","H.No. 67, Industrial Area, Vijayawada, Andhra Pradesh",Vijayawada,Andhra Pradesh,838979.0,Arunima Dave,715732275,psachar@mitter.biz,https://www.senboraandmodiewaste.example.com,SYN-CPCB-54473,Synthetic Prototype,2024-12-29,2030-05-03,Andhra Pradesh Pollution Control Board,Synthetic - Pending Verification,2026-09-13,"Metals, Plastics, PCB, Cables","IT Equipment, Electrical Equipment",2290,Yes,"Vijayawada, Andhra Pradesh",Copper,371.21,kg,Synthetic Indicative Price,SYNTHETIC_PROTOTYPE,2026-09-13,2026-10-13,25,250,16.086265,80.224165,94,78,0.54,E-CIRCLE Synthetic Dataset,SYNTHETIC,website,TRUE,2026-09-13 16:11:44,2026-09-13 16:11:44
EC-REC-00022,"Patla, Walia and Ramesh E-Waste Recycling","Patla, Walia and Ramesh E-Waste Recycling Facility","91, Industrial Area, Mysuru, Karnataka",Mysuru,Karnataka,839746.0,Zilmil Dani,3554001110,dalalishaan@ganesh.com,https://www.patlawaliaandrameshe.example.com,SYN-CPCB-82132,Synthetic Prototype,2023-11-30,2029-09-05,Karnataka Pollution Control Board,Synthetic - Pending Verification,2026-09-13,"PCB, Copper, Aluminium, Ferrous Metals, Plastics","IT Equipment, Consumer Electronics",11184,Yes,"Mysuru, Karnataka",Copper,505.1,kg,Synthetic Indicative Price,SYNTHETIC_PROTOTYPE,2026-09-13,2026-10-13,10,250,15.279928,76.088386,70,76,0.65,E-CIRCLE Synthetic Dataset,SYNTHETIC,website,TRUE,2026-09-13 16:11:44,2026-09-13 16:11:44
EC-REC-00023,"Sastry, Deol and Bhandari E-Waste Recycling","Sastry, Deol and Bhandari E-Waste Recycling Facility","H.No. 926, Industrial Area, Mysuru, Karnataka",Mysuru,Karnataka,916270.0,Rajata Choudhary,8425128122,barmanjason@varghese-dixit.com,https://www.sastrydeolandbhandar.example.com,SYN-CPCB-44760,Synthetic Prototype,2025-01-08,2029-07-03,Karnataka Pollution Control Board,Synthetic - Pending Verification,2026-09-13,"Metals, Plastics, PCB, Cables","IT Equipment, Electrical Equipment",7954,No,"Mysuru, Karnataka",Copper,694.86,kg,Synthetic Indicative Price,SYNTHETIC_PROTOTYPE,2026-09-13,2026-10-13,100,1000,15.719743,75.378537,91,59,0.56,E-CIRCLE Synthetic Dataset,SYNTHETIC,website,TRUE,2026-09-13 16:11:44,2026-09-13 16:11:44
EC-REC-00024,Sodhi Inc E-Waste Recycling,Sodhi Inc E-Waste Recycling Facility,"42, Industrial Area, Bengaluru, Karnataka",Bengaluru,Karnataka,951575.0,Onkar Barad,4031885866,sanikabir@dass-johal.com,https://www.sodhiincewasterecycl.example.com,SYN-CPCB-16572,Synthetic Prototype,2023-11-24,2028-09-13,Karnataka Pollution Control Board,Synthetic - Pending Verification,2026-09-13,"Copper, Aluminium, Iron, Plastics","Consumer Electronics, Display Equipment",8738,Yes,"Bengaluru, Karnataka",Mixed E-Waste,45.09,kg,Synthetic Indicative Price,SYNTHETIC_PROTOTYPE,2026-09-13,2026-10-13,10,1000,15.39648,75.756095,65,61,0.52,E-CIRCLE Synthetic Dataset,SYNTHETIC,website,TRUE,2026-09-13 16:11:44,2026-09-13 16:11:44
EC-REC-00025,Batra-Bhardwaj E-Waste Recycling,Batra-Bhardwaj E-Waste Recycling Facility,"753, Industrial Area, Coimbatore, Tamil Nadu",Coimbatore,Tamil Nadu,144567.0,Ikshita Banik,1788209063,xdugar@ravel.com,https://www.batrabhardwajewaster.example.com,SYN-CPCB-87924,Synthetic Prototype,2024-11-04,2028-08-29,Tamil Nadu Pollution Control Board,Synthetic - Pending Verification,2026-09-13,"PCB, Copper, Aluminium, Ferrous Metals, Plastics","Electrical Equipment, Consumer Electronics",1843,No,"Coimbatore, Tamil Nadu",Plastic,26.08,kg,Synthetic Indicative Price,SYNTHETIC_PROTOTYPE,2026-09-13,2026-10-13,500,1000,11.030876,79.098496,93,70,0.78,E-CIRCLE Synthetic Dataset,SYNTHETIC,website,TRUE,2026-09-13 16:11:44,2026-09-13 16:11:44
EC-REC-00026,Parmer Group E-Waste Recycling,Parmer Group E-Waste Recycling Facility,"959, Industrial Area, Hubballi, Karnataka",Hubballi,Karnataka,396856.0,Rajata Sule,913321727617,qupadhyay@varty.com,https://www.parmergroupewasterec.example.com,SYN-CPCB-94607,Synthetic Prototype,2025-06-17,2029-03-20,Karnataka Pollution Control Board,Synthetic - Pending Verification,2026-09-13,"PCB, Precious Metals, Copper, Aluminium","Consumer Electronics, Display Equipment",5680,Yes,"Hubballi, Karnataka",Ferrous Metal,23.93,kg,Synthetic Indicative Price,SYNTHETIC_PROTOTYPE,2026-09-13,2026-10-13,10,750,15.533492,75.452586,66,54,0.66,E-CIRCLE Synthetic Dataset,SYNTHETIC,website,TRUE,2026-09-13 16:11:44,2026-09-13 16:11:44
EC-REC-00027,Sahota PLC E-Waste Recycling,Sahota PLC E-Waste Recycling Facility,"63/42, Industrial Area, Thiruvananthapuram, Kerala",Thiruvananthapuram,Kerala,274323.0,Vedant Konda,910322930005,ekalinga05@parsa-balakrishnan.com,https://www.sahotaplcewasterecyc.example.com,SYN-CPCB-58434,Synthetic Prototype,2022-12-17,2029-02-26,Kerala Pollution Control Board,Synthetic - Pending Verification,2026-09-13,"PCB, Precious Metals, Copper, Aluminium","IT Equipment, Electrical Equipment",7679,No,"Thiruvananthapuram, Kerala",Copper,657.74,kg,Synthetic Indicative Price,SYNTHETIC_PROTOTYPE,2026-09-13,2026-10-13,250,1000,10.482957,76.120109,60,85,0.59,E-CIRCLE Synthetic Dataset,SYNTHETIC,website,TRUE,2026-09-13 16:11:44,2026-09-13 16:11:44
EC-REC-00028,Arora Inc E-Waste Recycling,Arora Inc E-Waste Recycling Facility,"26/86, Industrial Area, Vijayawada, Andhra Pradesh",Vijayawada,Andhra Pradesh,242338.0,Anmol Thaker,3884971475,chadazaan@wason-ravel.biz,https://www.aroraincewasterecycl.example.com,SYN-CPCB-82512,Synthetic Prototype,2024-02-14,2030-05-31,Andhra Pradesh Pollution Control Board,Synthetic - Pending Verification,2026-09-13,"Copper, Aluminium, Cables, Plastics","IT Equipment, Telecommunication Equipment",5116,Yes,"Vijayawada, Andhra Pradesh",Copper,661.4,kg,Synthetic Indicative Price,SYNTHETIC_PROTOTYPE,2026-09-13,2026-10-13,500,500,16.35183,79.374291,73,90,0.76,E-CIRCLE Synthetic Dataset,SYNTHETIC,website,TRUE,2026-09-13 16:11:44,2026-09-13 16:11:44
EC-REC-00029,Zacharia-Madan E-Waste Recycling,Zacharia-Madan E-Waste Recycling Facility,"H.No. 494, Industrial Area, Thiruvananthapuram, Kerala",Thiruvananthapuram,Kerala,569686.0,Christopher Bahl,4567226105,chhabramichael@din-tandon.info,https://www.zachariamadanewaster.example.com,SYN-CPCB-65518,Synthetic Prototype,2024-09-13,2029-06-18,Kerala Pollution Control Board,Synthetic - Pending Verification,2026-09-13,"Metals, Plastics, PCB, Cables","IT Equipment, Telecommunication Equipment",1222,Yes,"Thiruvananthapuram, Kerala",Copper,382.3,kg,Synthetic Indicative Price,SYNTHETIC_PROTOTYPE,2026-09-13,2026-10-13,50,250,10.601621,76.679259,76,60,0.72,E-CIRCLE Synthetic Dataset,SYNTHETIC,website,TRUE,2026-09-13 16:11:44,2026-09-13 16:11:44
EC-REC-00030,"Manda, Handa and Bala E-Waste Recycling","Manda, Handa and Bala E-Waste Recycling Facility","H.No. 926, Industrial Area, Thiruvananthapuram, Kerala",Thiruvananthapuram,Kerala,544420.0,Harrison Shankar,5905040116,chandrangaba@kapur.org,https://www.mandahandaandbalaewa.example.com,SYN-CPCB-81511,Synthetic Prototype,2024-08-15,2029-12-02,Kerala Pollution Control Board,Synthetic - Pending Verification,2026-09-13,"PCB, Copper, Aluminium, Ferrous Metals, Plastics","IT Equipment, Electrical Equipment",6549,Yes,"Thiruvananthapuram, Kerala",Mixed E-Waste,92.31,kg,Synthetic Indicative Price,SYNTHETIC_PROTOTYPE,2026-09-13,2026-10-13,100,250,10.911407,75.882974,62,69,0.61,E-CIRCLE Synthetic Dataset,SYNTHETIC,website,TRUE,2026-09-13 16:11:44,2026-09-13 16:11:44
EC-REC-00031,Agate-Chakraborty E-Waste Recycling,Agate-Chakraborty E-Waste Recycling Facility,"H.No. 250, Industrial Area, Madurai, Tamil Nadu",Madurai,Tamil Nadu,110055.0,Yuvraj Din,911679145533,manthan05@raja.com,https://www.agatechakrabortyewas.example.com,SYN-CPCB-83385,Synthetic Prototype,2022-11-07,2031-01-27,Tamil Nadu Pollution Control Board,Synthetic - Pending Verification,2026-09-13,"Metals, Plastics, PCB, Cables","Consumer Electronics, Display Equipment",10668,Yes,"Madurai, Tamil Nadu",Copper,473.79,kg,Synthetic Indicative Price,SYNTHETIC_PROTOTYPE,2026-09-13,2026-10-13,25,250,10.837177,78.40643,71,76,0.51,E-CIRCLE Synthetic Dataset,SYNTHETIC,website,TRUE,2026-09-13 16:11:44,2026-09-13 16:11:44
EC-REC-00032,Garde-Lad E-Waste Recycling,Garde-Lad E-Waste Recycling Facility,"H.No. 187, Industrial Area, Visakhapatnam, Andhra Pradesh",Visakhapatnam,Andhra Pradesh,482079.0,Anthony Mukherjee,3379362768,natarajanyoshita@saraf-ray.com,https://www.gardeladewasterecycl.example.com,SYN-CPCB-42527,Synthetic Prototype,2025-03-07,2029-06-04,Andhra Pradesh Pollution Control Board,Synthetic - Pending Verification,2026-09-13,"PCB, Precious Metals, Copper, Aluminium","IT Equipment, Electrical Equipment",13400,Yes,"Visakhapatnam, Andhra Pradesh",Mixed E-Waste,89.13,kg,Synthetic Indicative Price,SYNTHETIC_PROTOTYPE,2026-09-13,2026-10-13,100,0,16.195286,79.651713,90,64,0.56,E-CIRCLE Synthetic Dataset,SYNTHETIC,website,TRUE,2026-09-13 16:11:44,2026-09-13 16:11:44
EC-REC-00033,Brahmbhatt-Sandal E-Waste Recycling,Brahmbhatt-Sandal E-Waste Recycling Facility,"H.No. 28, Industrial Area, Warangal, Telangana",Warangal,Telangana,631829.0,Bhavya Merchant,7983192353,mmaster@sidhu.com,https://www.brahmbhattsandalewas.example.com,SYN-CPCB-96511,Synthetic Prototype,2024-05-19,2030-07-26,Telangana Pollution Control Board,Synthetic - Pending Verification,2026-09-13,"Copper, Aluminium, Cables, Plastics","Consumer Electronics, Display Equipment",5878,No,"Warangal, Telangana",Aluminium,102.29,kg,Synthetic Indicative Price,SYNTHETIC_PROTOTYPE,2026-09-13,2026-10-13,10,500,17.917591,79.314645,82,82,0.62,E-CIRCLE Synthetic Dataset,SYNTHETIC,website,TRUE,2026-09-13 16:11:44,2026-09-13 16:11:44
EC-REC-00034,"Rao, Tank and Sampath E-Waste Recycling","Rao, Tank and Sampath E-Waste Recycling Facility","H.No. 658, Industrial Area, Thiruvananthapuram, Kerala",Thiruvananthapuram,Kerala,106039.0,Yadavi Amble,5201952051,darika04@bhatti.com,https://www.raotankandsampathewa.example.com,SYN-CPCB-44795,Synthetic Prototype,2025-05-08,2028-01-11,Kerala Pollution Control Board,Synthetic - Pending Verification,2026-09-13,"PCB, Copper, Aluminium, Ferrous Metals, Plastics","IT Equipment, Consumer Electronics",10274,No,"Thiruvananthapuram, Kerala",PCB,171.43,kg,Synthetic Indicative Price,SYNTHETIC_PROTOTYPE,2026-09-13,2026-10-13,50,500,11.289737,75.886442,87,88,0.8,E-CIRCLE Synthetic Dataset,SYNTHETIC,website,TRUE,2026-09-13 16:11:44,2026-09-13 16:11:44
EC-REC-00035,Kota Inc E-Waste Recycling,Kota Inc E-Waste Recycling Facility,"H.No. 73, Industrial Area, Trichy, Tamil Nadu",Trichy,Tamil Nadu,254639.0,Ekalinga Narasimhan,8467797927,azad33@nagar.com,https://www.kotaincewasterecycli.example.com,SYN-CPCB-10221,Synthetic Prototype,2023-03-12,2029-07-14,Tamil Nadu Pollution Control Board,Synthetic - Pending Verification,2026-09-13,"Copper, Aluminium, Iron, Plastics","IT Equipment, Electrical Equipment",9321,Yes,"Trichy, Tamil Nadu",Copper,598.07,kg,Synthetic Indicative Price,SYNTHETIC_PROTOTYPE,2026-09-13,2026-10-13,50,750,11.526605,78.346979,64,71,0.69,E-CIRCLE Synthetic Dataset,SYNTHETIC,website,TRUE,2026-09-13 16:11:44,2026-09-13 16:11:44
EC-REC-00036,"Gandhi, Sood and Das E-Waste Recycling","Gandhi, Sood and Das E-Waste Recycling Facility","45/353, Industrial Area, Vijayawada, Andhra Pradesh",Vijayawada,Andhra Pradesh,963395.0,Ira Ramachandran,913859542158,ishita07@ghosh.com,https://www.gandhisoodanddasewas.example.com,SYN-CPCB-52753,Synthetic Prototype,2024-09-02,2030-12-03,Andhra Pradesh Pollution Control Board,Synthetic - Pending Verification,2026-09-13,"PCB, Copper, Plastics, Glass","IT Equipment, Batteries",5344,Yes,"Vijayawada, Andhra Pradesh",PCB,366.76,kg,Synthetic Indicative Price,SYNTHETIC_PROTOTYPE,2026-09-13,2026-10-13,25,750,16.132654,79.540322,84,61,0.68,E-CIRCLE Synthetic Dataset,SYNTHETIC,website,TRUE,2026-09-13 16:11:44,2026-09-13 16:11:44
EC-REC-00037,"Mahal, Varghese and Mishra E-Waste Recycling","Mahal, Varghese and Mishra E-Waste Recycling Facility","26, Industrial Area, Pune, Maharashtra",Pune,Maharashtra,823592.0,Naksh Tata,4683132260,gpillay@sule-palla.com,https://www.mahalvargheseandmish.example.com,SYN-CPCB-86019,Synthetic Prototype,2023-01-01,2031-06-20,Maharashtra Pollution Control Board,Synthetic - Pending Verification,2026-09-13,"Copper, Aluminium, Iron, Plastics","IT Equipment, Batteries",5779,No,"Pune, Maharashtra",PCB,184.07,kg,Synthetic Indicative Price,SYNTHETIC_PROTOTYPE,2026-09-13,2026-10-13,100,750,19.799437,75.214306,73,82,0.64,E-CIRCLE Synthetic Dataset,SYNTHETIC,website,TRUE,2026-09-13 16:11:44,2026-09-13 16:11:44
EC-REC-00038,Bora-Garde E-Waste Recycling,Bora-Garde E-Waste Recycling Facility,"25, Industrial Area, Vijayawada, Andhra Pradesh",Vijayawada,Andhra Pradesh,513099.0,Wakeeta Chanda,8402006720,geetikaom@rai.net,https://www.boragardeewasterecyc.example.com,SYN-CPCB-53933,Synthetic Prototype,2025-02-02,2030-11-07,Andhra Pradesh Pollution Control Board,Synthetic - Pending Verification,2026-09-13,"PCB, Copper, Aluminium, Ferrous Metals, Plastics","IT Equipment, Electrical Equipment",12806,Yes,"Vijayawada, Andhra Pradesh",Mixed E-Waste,70.64,kg,Synthetic Indicative Price,SYNTHETIC_PROTOTYPE,2026-09-13,2026-10-13,500,500,16.071751,79.523786,74,62,0.54,E-CIRCLE Synthetic Dataset,SYNTHETIC,website,TRUE,2026-09-13 16:11:44,2026-09-13 16:11:44
EC-REC-00039,Gour-Gaba E-Waste Recycling,Gour-Gaba E-Waste Recycling Facility,"36/978, Industrial Area, Coimbatore, Tamil Nadu",Coimbatore,Tamil Nadu,596908.0,Teerth Basu,916989492456,kritikakuruvilla@grewal-bhattacharyya.org,https://www.gourgabaewasterecycl.example.com,SYN-CPCB-64321,Synthetic Prototype,2024-01-29,2031-02-22,Tamil Nadu Pollution Control Board,Synthetic - Pending Verification,2026-09-13,"PCB, Batteries, Copper, Aluminium","Electrical Equipment, Consumer Electronics",3685,No,"Coimbatore, Tamil Nadu",Cables,114.57,kg,Synthetic Indicative Price,SYNTHETIC_PROTOTYPE,2026-09-13,2026-10-13,100,750,11.611036,78.768174,75,59,0.7,E-CIRCLE Synthetic Dataset,SYNTHETIC,website,TRUE,2026-09-13 16:11:44,2026-09-13 16:11:44
EC-REC-00040,Rana-Uppal E-Waste Recycling,Rana-Uppal E-Waste Recycling Facility,"73, Industrial Area, Chennai, Tamil Nadu",Chennai,Tamil Nadu,196401.0,Utkarsh Acharya,910455108264,brijeshmann@bava.org,https://www.ranauppalewasterecyc.example.com,SYN-CPCB-77889,Synthetic Prototype,2024-04-02,2028-01-31,Tamil Nadu Pollution Control Board,Synthetic - Pending Verification,2026-09-13,"PCB, Copper, Plastics, Glass","IT Equipment, Consumer Electronics",9632,Yes,"Chennai, Tamil Nadu",Cables,291.59,kg,Synthetic Indicative Price,SYNTHETIC_PROTOTYPE,2026-09-13,2026-10-13,10,750,11.40552,78.375741,68,79,0.7,E-CIRCLE Synthetic Dataset,SYNTHETIC,website,TRUE,2026-09-13 16:11:44,2026-09-13 16:11:44
EC-REC-00041,Loyal-Sabharwal E-Waste Recycling,Loyal-Sabharwal E-Waste Recycling Facility,"38/77, Industrial Area, Thiruvananthapuram, Kerala",Thiruvananthapuram,Kerala,889981.0,Joshua Agrawal,918287885523,wadhwagaurangi@ratta.info,https://www.loyalsabharwalewaste.example.com,SYN-CPCB-76162,Synthetic Prototype,2023-06-18,2030-10-30,Kerala Pollution Control Board,Synthetic - Pending Verification,2026-09-13,"PCB, Copper, Plastics, Glass","IT Equipment, Electrical Equipment",9476,No,"Thiruvananthapuram, Kerala",Plastic,51.68,kg,Synthetic Indicative Price,SYNTHETIC_PROTOTYPE,2026-09-13,2026-10-13,25,750,11.30054,76.662526,88,66,0.73,E-CIRCLE Synthetic Dataset,SYNTHETIC,website,TRUE,2026-09-13 16:11:44,2026-09-13 16:11:44
EC-REC-00042,Nadkarni and Sons E-Waste Recycling,Nadkarni and Sons E-Waste Recycling Facility,"H.No. 419, Industrial Area, Visakhapatnam, Andhra Pradesh",Visakhapatnam,Andhra Pradesh,606618.0,Aradhana Saini,913854798504,jjohal@bhalla-biswas.info,https://www.nadkarniandsonsewast.example.com,SYN-CPCB-67654,Synthetic Prototype,2023-12-16,2029-07-07,Andhra Pradesh Pollution Control Board,Synthetic - Pending Verification,2026-09-13,"PCB, Copper, Aluminium, Ferrous Metals, Plastics","IT Equipment, Batteries",5181,Yes,"Visakhapatnam, Andhra Pradesh",Mixed E-Waste,39.14,kg,Synthetic Indicative Price,SYNTHETIC_PROTOTYPE,2026-09-13,2026-10-13,50,500,16.178714,79.7613,80,84,0.52,E-CIRCLE Synthetic Dataset,SYNTHETIC,website,TRUE,2026-09-13 16:11:44,2026-09-13 16:11:44
EC-REC-00043,Koshy PLC E-Waste Recycling,Koshy PLC E-Waste Recycling Facility,"852, Industrial Area, Bengaluru, Karnataka",Bengaluru,Karnataka,791551.0,Aryan Bassi,7177364992,sibalzashil@dutta.org,https://www.koshyplcewasterecycl.example.com,SYN-CPCB-63424,Synthetic Prototype,2023-09-30,2029-02-22,Karnataka Pollution Control Board,Synthetic - Pending Verification,2026-09-13,"PCB, Precious Metals, Copper, Aluminium","Electrical Equipment, Consumer Electronics",8133,No,"Bengaluru, Karnataka",Aluminium,86.42,kg,Synthetic Indicative Price,SYNTHETIC_PROTOTYPE,2026-09-13,2026-10-13,10,250,15.200335,75.366705,86,74,0.77,E-CIRCLE Synthetic Dataset,SYNTHETIC,website,TRUE,2026-09-13 16:11:44,2026-09-13 16:11:44
EC-REC-00044,Dua Group E-Waste Recycling,Dua Group E-Waste Recycling Facility,"49/535, Industrial Area, Kochi, Kerala",Kochi,Kerala,162279.0,Fariq Palla,917400872488,pillaiamaira@banik.com,https://www.duagroupewasterecycl.example.com,SYN-CPCB-56105,Synthetic Prototype,2024-05-09,2028-06-25,Kerala Pollution Control Board,Synthetic - Pending Verification,2026-09-13,"PCB, Precious Metals, Copper, Aluminium","IT Equipment, Electrical Equipment",6889,No,"Kochi, Kerala",Ferrous Metal,34.31,kg,Synthetic Indicative Price,SYNTHETIC_PROTOTYPE,2026-09-13,2026-10-13,250,1000,11.207232,76.536695,74,81,0.57,E-CIRCLE Synthetic Dataset,SYNTHETIC,website,TRUE,2026-09-13 16:11:44,2026-09-13 16:11:44
EC-REC-00045,Balan PLC E-Waste Recycling,Balan PLC E-Waste Recycling Facility,"50/694, Industrial Area, Warangal, Telangana",Warangal,Telangana,286233.0,Gauri Mishra,1947281316,riya89@chadha.com,https://www.balanplcewasterecycl.example.com,SYN-CPCB-31632,Synthetic Prototype,2025-05-28,2028-05-29,Telangana Pollution Control Board,Synthetic - Pending Verification,2026-09-13,"Metals, Plastics, PCB, Cables","Consumer Electronics, Display Equipment",2591,Yes,"Warangal, Telangana",Mixed E-Waste,83.85,kg,Synthetic Indicative Price,SYNTHETIC_PROTOTYPE,2026-09-13,2026-10-13,100,1000,17.641425,78.85543,61,55,0.69,E-CIRCLE Synthetic Dataset,SYNTHETIC,website,TRUE,2026-09-13 16:11:44,2026-09-13 16:11:44
EC-REC-00046,Bath Group E-Waste Recycling,Bath Group E-Waste Recycling Facility,"25/94, Industrial Area, Mysuru, Karnataka",Mysuru,Karnataka,401585.0,Januja Bera,916528660452,mitalikala@buch-buch.com,https://www.bathgroupewasterecyc.example.com,SYN-CPCB-52840,Synthetic Prototype,2024-05-06,2029-01-11,Karnataka Pollution Control Board,Synthetic - Pending Verification,2026-09-13,"PCB, Precious Metals, Copper, Aluminium","IT Equipment, Electrical Equipment",14912,No,"Mysuru, Karnataka",PCB,184.66,kg,Synthetic Indicative Price,SYNTHETIC_PROTOTYPE,2026-09-13,2026-10-13,50,750,14.999029,75.474056,76,55,0.64,E-CIRCLE Synthetic Dataset,SYNTHETIC,website,TRUE,2026-09-13 16:11:44,2026-09-13 16:11:44
EC-REC-00047,Thaman Group E-Waste Recycling,Thaman Group E-Waste Recycling Facility,"85/568, Industrial Area, Vijayawada, Andhra Pradesh",Vijayawada,Andhra Pradesh,696597.0,Lopa Sani,1403079692,aayushdhar@sarraf-murty.com,https://www.thamangroupewasterec.example.com,SYN-CPCB-95426,Synthetic Prototype,2023-06-25,2031-03-12,Andhra Pradesh Pollution Control Board,Synthetic - Pending Verification,2026-09-13,"PCB, Copper, Aluminium, Ferrous Metals, Plastics","IT Equipment, Electrical Equipment",1008,Yes,"Vijayawada, Andhra Pradesh",Mixed E-Waste,25.49,kg,Synthetic Indicative Price,SYNTHETIC_PROTOTYPE,2026-09-13,2026-10-13,25,0,16.412808,79.58996,69,65,0.54,E-CIRCLE Synthetic Dataset,SYNTHETIC,website,TRUE,2026-09-13 16:11:44,2026-09-13 16:11:44
EC-REC-00048,Kamdar-Mukhopadhyay E-Waste Recycling,Kamdar-Mukhopadhyay E-Waste Recycling Facility,"H.No. 932, Industrial Area, Vijayawada, Andhra Pradesh",Vijayawada,Andhra Pradesh,210711.0,Rachit Chand,1538415735,somanhardik@hans-ram.com,https://www.kamdarmukhopadhyayew.example.com,SYN-CPCB-58351,Synthetic Prototype,2023-03-11,2031-08-03,Andhra Pradesh Pollution Control Board,Synthetic - Pending Verification,2026-09-13,"Copper, Aluminium, Cables, Plastics","Electrical Equipment, Consumer Electronics",10449,Yes,"Vijayawada, Andhra Pradesh",Mixed E-Waste,40.5,kg,Synthetic Indicative Price,SYNTHETIC_PROTOTYPE,2026-09-13,2026-10-13,25,500,15.97687,79.457965,66,87,0.51,E-CIRCLE Synthetic Dataset,SYNTHETIC,website,TRUE,2026-09-13 16:11:44,2026-09-13 16:11:44
EC-REC-00049,"Bhakta, Thakkar and Kaul E-Waste Recycling","Bhakta, Thakkar and Kaul E-Waste Recycling Facility","242, Industrial Area, Nashik, Maharashtra",Nashik,Maharashtra,141663.0,Azad Dara,437788694,kaipandey@nayak-solanki.org,https://www.bhaktathakkarandkaul.example.com,SYN-CPCB-35995,Synthetic Prototype,2022-11-29,2030-08-30,Maharashtra Pollution Control Board,Synthetic - Pending Verification,2026-09-13,"PCB, Copper, Aluminium, Ferrous Metals, Plastics","Electrical Equipment, Consumer Electronics",11815,Yes,"Nashik, Maharashtra",Ferrous Metal,48.24,kg,Synthetic Indicative Price,SYNTHETIC_PROTOTYPE,2026-09-13,2026-10-13,10,500,19.928847,76.172073,67,86,0.73,E-CIRCLE Synthetic Dataset,SYNTHETIC,website,TRUE,2026-09-13 16:11:44,2026-09-13 16:11:44
EC-REC-00050,"Naik, Khalsa and Sarma E-Waste Recycling","Naik, Khalsa and Sarma E-Waste Recycling Facility","841, Industrial Area, Nashik, Maharashtra",Nashik,Maharashtra,492401.0,Gaurav Doctor,7721925062,bsubramaniam@dalal-chhabra.com,https://www.naikkhalsaandsarmaew.example.com,SYN-CPCB-11658,Synthetic Prototype,2024-02-15,2028-09-27,Maharashtra Pollution Control Board,Synthetic - Pending Verification,2026-09-13,"Metals, Plastics, PCB, Cables","Consumer Electronics, Display Equipment",13973,No,"Nashik, Maharashtra",Plastic,44.14,kg,Synthetic Indicative Price,SYNTHETIC_PROTOTYPE,2026-09-13,2026-10-13,10,750,19.679878,75.584471,83,90,0.77,E-CIRCLE Synthetic Dataset,SYNTHETIC,website,TRUE,2026-09-13 16:11:44,2026-09-13 16:11:44
EC-REC-00051,Nayak Ltd E-Waste Recycling,Nayak Ltd E-Waste Recycling Facility,"H.No. 25, Industrial Area, Hyderabad, Telangana",Hyderabad,Telangana,604212.0,Baghyawati Bera,918869469675,gautamitailor@pillay-lall.com,https://www.nayakltdewasterecycl.example.com,SYN-CPCB-80539,Synthetic Prototype,2023-09-23,2028-12-16,Telangana Pollution Control Board,Synthetic - Pending Verification,2026-09-13,"Metals, Plastics, PCB, Cables","Consumer Electronics, Display Equipment",8116,No,"Hyderabad, Telangana",Mixed E-Waste,41.61,kg,Synthetic Indicative Price,SYNTHETIC_PROTOTYPE,2026-09-13,2026-10-13,500,1000,18.047887,79.253095,77,70,0.76,E-CIRCLE Synthetic Dataset,SYNTHETIC,website,TRUE,2026-09-13 16:11:44,2026-09-13 16:11:44
EC-REC-00052,Jaggi-Aurora E-Waste Recycling,Jaggi-Aurora E-Waste Recycling Facility,"82/84, Industrial Area, Madurai, Tamil Nadu",Madurai,Tamil Nadu,664018.0,Dhriti Pai,919336942273,maneabhimanyu@ramesh.org,https://www.jaggiauroraewasterec.example.com,SYN-CPCB-97580,Synthetic Prototype,2023-03-16,2030-12-11,Tamil Nadu Pollution Control Board,Synthetic - Pending Verification,2026-09-13,"PCB, Copper, Plastics, Glass","IT Equipment, Telecommunication Equipment",970,No,"Madurai, Tamil Nadu",Ferrous Metal,37.1,kg,Synthetic Indicative Price,SYNTHETIC_PROTOTYPE,2026-09-13,2026-10-13,50,250,11.508731,78.400763,91,63,0.61,E-CIRCLE Synthetic Dataset,SYNTHETIC,website,TRUE,2026-09-13 16:11:44,2026-09-13 16:11:44
EC-REC-00053,"Guha, Baral and Dhar E-Waste Recycling","Guha, Baral and Dhar E-Waste Recycling Facility","H.No. 39, Industrial Area, Pune, Maharashtra",Pune,Maharashtra,805699.0,Watika Halder,3208675901,parmervedant@singhal.com,https://www.guhabaralanddharewas.example.com,SYN-CPCB-77715,Synthetic Prototype,2023-12-26,2028-07-28,Maharashtra Pollution Control Board,Synthetic - Pending Verification,2026-09-13,"Copper, Aluminium, Cables, Plastics","IT Equipment, Consumer Electronics",4454,No,"Pune, Maharashtra",PCB,322.32,kg,Synthetic Indicative Price,SYNTHETIC_PROTOTYPE,2026-09-13,2026-10-13,100,1000,19.531158,75.810055,75,80,0.69,E-CIRCLE Synthetic Dataset,SYNTHETIC,website,TRUE,2026-09-13 16:11:44,2026-09-13 16:11:44
EC-REC-00054,Lad Inc E-Waste Recycling,Lad Inc E-Waste Recycling Facility,"096, Industrial Area, Warangal, Telangana",Warangal,Telangana,962234.0,Aishani Walia,8286059357,jhalakrajagopalan@bose.biz,https://www.ladincewasterecyclin.example.com,SYN-CPCB-41890,Synthetic Prototype,2023-07-20,2030-09-04,Telangana Pollution Control Board,Synthetic - Pending Verification,2026-09-13,"PCB, Precious Metals, Copper, Aluminium","IT Equipment, Batteries",10028,No,"Warangal, Telangana",Aluminium,120.44,kg,Synthetic Indicative Price,SYNTHETIC_PROTOTYPE,2026-09-13,2026-10-13,100,1000,18.405333,78.612353,93,72,0.63,E-CIRCLE Synthetic Dataset,SYNTHETIC,website,TRUE,2026-09-13 16:11:44,2026-09-13 16:11:44
EC-REC-00055,"Talwar, Barad and Bhat E-Waste Recycling","Talwar, Barad and Bhat E-Waste Recycling Facility","H.No. 900, Industrial Area, Visakhapatnam, Andhra Pradesh",Visakhapatnam,Andhra Pradesh,51117.0,Krisha Brar,911819405671,sanghvisudiksha@maharaj.biz,https://www.talwarbaradandbhatew.example.com,SYN-CPCB-25814,Synthetic Prototype,2023-09-05,2031-02-09,Andhra Pradesh Pollution Control Board,Synthetic - Pending Verification,2026-09-13,"PCB, Batteries, Copper, Aluminium","IT Equipment, Electrical Equipment",5669,Yes,"Visakhapatnam, Andhra Pradesh",PCB,200.56,kg,Synthetic Indicative Price,SYNTHETIC_PROTOTYPE,2026-09-13,2026-10-13,500,1000,15.764711,79.693745,71,62,0.56,E-CIRCLE Synthetic Dataset,SYNTHETIC,website,TRUE,2026-09-13 16:11:44,2026-09-13 16:11:44
EC-REC-00056,Date Group E-Waste Recycling,Date Group E-Waste Recycling Facility,"583, Industrial Area, Warangal, Telangana",Warangal,Telangana,352050.0,Manthan Kunda,913848493885,nidhishan@kalla-soman.com,https://www.dategroupewasterecyc.example.com,SYN-CPCB-23176,Synthetic Prototype,2023-06-18,2030-10-17,Telangana Pollution Control Board,Synthetic - Pending Verification,2026-09-13,"Metals, Plastics, PCB, Cables","IT Equipment, Electrical Equipment",5353,Yes,"Warangal, Telangana",Plastic,41.86,kg,Synthetic Indicative Price,SYNTHETIC_PROTOTYPE,2026-09-13,2026-10-13,50,250,18.336985,79.495907,79,50,0.71,E-CIRCLE Synthetic Dataset,SYNTHETIC,website,TRUE,2026-09-13 16:11:44,2026-09-13 16:11:44
EC-REC-00057,Kade-Ramaswamy E-Waste Recycling,Kade-Ramaswamy E-Waste Recycling Facility,"11, Industrial Area, Mysuru, Karnataka",Mysuru,Karnataka,282361.0,Indira Mander,5352939134,urishillacomar@sinha.com,https://www.kaderamaswamyewaster.example.com,SYN-CPCB-26551,Synthetic Prototype,2024-08-26,2028-06-26,Karnataka Pollution Control Board,Synthetic - Pending Verification,2026-09-13,"PCB, Batteries, Copper, Aluminium","IT Equipment, Electrical Equipment",12833,No,"Mysuru, Karnataka",PCB,378.97,kg,Synthetic Indicative Price,SYNTHETIC_PROTOTYPE,2026-09-13,2026-10-13,10,0,14.862816,75.268426,78,80,0.64,E-CIRCLE Synthetic Dataset,SYNTHETIC,website,TRUE,2026-09-13 16:11:44,2026-09-13 16:11:44
EC-REC-00058,"Deshpande, Kalla and Ahluwalia E-Waste Recycling","Deshpande, Kalla and Ahluwalia E-Waste Recycling Facility","H.No. 445, Industrial Area, Mumbai, Maharashtra",Mumbai,Maharashtra,902220.0,Anthony Badal,918944634962,pillayquincy@gokhale.com,https://www.deshpandekallaandahl.example.com,SYN-CPCB-18564,Synthetic Prototype,2024-08-07,2028-10-05,Maharashtra Pollution Control Board,Synthetic - Pending Verification,2026-09-13,"PCB, Copper, Plastics, Glass","Consumer Electronics, Display Equipment",1713,Yes,"Mumbai, Maharashtra",Cables,195.55,kg,Synthetic Indicative Price,SYNTHETIC_PROTOTYPE,2026-09-13,2026-10-13,25,250,20.216998,75.466378,79,55,0.8,E-CIRCLE Synthetic Dataset,SYNTHETIC,website,TRUE,2026-09-13 16:11:44,2026-09-13 16:11:44
EC-REC-00059,Manda Inc E-Waste Recycling,Manda Inc E-Waste Recycling Facility,"865, Industrial Area, Tirunelveli, Tamil Nadu",Tirunelveli,Tamil Nadu,259154.0,Waida Sankaran,7517299195,bdalia@gokhale.net,https://www.mandaincewasterecycl.example.com,SYN-CPCB-78494,Synthetic Prototype,2024-09-09,2028-10-22,Tamil Nadu Pollution Control Board,Synthetic - Pending Verification,2026-09-13,"PCB, Copper, Plastics, Glass","Consumer Electronics, Display Equipment",7753,No,"Tirunelveli, Tamil Nadu",Cables,223.68,kg,Synthetic Indicative Price,SYNTHETIC_PROTOTYPE,2026-09-13,2026-10-13,250,750,11.391543,78.763218,79,86,0.69,E-CIRCLE Synthetic Dataset,SYNTHETIC,website,TRUE,2026-09-13 16:11:44,2026-09-13 16:11:44
EC-REC-00060,Sandal-Sastry E-Waste Recycling,Sandal-Sastry E-Waste Recycling Facility,"71/27, Industrial Area, Kochi, Kerala",Kochi,Kerala,494245.0,Bhavna Bose,910662162729,ysodhi@radhakrishnan-venkatesh.com,https://www.sandalsastryewastere.example.com,SYN-CPCB-20641,Synthetic Prototype,2022-10-05,2030-02-17,Kerala Pollution Control Board,Synthetic - Pending Verification,2026-09-13,"Copper, Aluminium, Cables, Plastics","IT Equipment, Electrical Equipment",3347,Yes,"Kochi, Kerala",Aluminium,106.46,kg,Synthetic Indicative Price,SYNTHETIC_PROTOTYPE,2026-09-13,2026-10-13,25,0,11.29809,75.978888,86,78,0.71,E-CIRCLE Synthetic Dataset,SYNTHETIC,website,TRUE,2026-09-13 16:11:44,2026-09-13 16:11:44
EC-REC-00061,"Barad, Narula and Sane E-Waste Recycling","Barad, Narula and Sane E-Waste Recycling Facility","15/03, Industrial Area, Warangal, Telangana",Warangal,Telangana,379630.0,Idika Bawa,1276966905,rsachdev@banerjee.com,https://www.baradnarulaandsaneew.example.com,SYN-CPCB-69510,Synthetic Prototype,2023-05-09,2031-06-28,Telangana Pollution Control Board,Synthetic - Pending Verification,2026-09-13,"PCB, Copper, Aluminium, Ferrous Metals, Plastics","IT Equipment, Batteries",4324,No,"Warangal, Telangana",PCB,381.2,kg,Synthetic Indicative Price,SYNTHETIC_PROTOTYPE,2026-09-13,2026-10-13,500,1000,17.64504,78.807405,72,77,0.53,E-CIRCLE Synthetic Dataset,SYNTHETIC,website,TRUE,2026-09-13 16:11:44,2026-09-13 16:11:44
EC-REC-00062,Chana LLC E-Waste Recycling,Chana LLC E-Waste Recycling Facility,"39, Industrial Area, Hubballi, Karnataka",Hubballi,Karnataka,576306.0,Vasatika Karnik,912700093905,qvarkey@andra-vyas.com,https://www.chanallcewasterecycl.example.com,SYN-CPCB-31747,Synthetic Prototype,2024-06-05,2031-05-01,Karnataka Pollution Control Board,Synthetic - Pending Verification,2026-09-13,"Metals, Plastics, PCB, Cables","IT Equipment, Telecommunication Equipment",10249,No,"Hubballi, Karnataka",Aluminium,87.14,kg,Synthetic Indicative Price,SYNTHETIC_PROTOTYPE,2026-09-13,2026-10-13,100,0,14.966289,75.479532,89,69,0.71,E-CIRCLE Synthetic Dataset,SYNTHETIC,website,TRUE,2026-09-13 16:11:44,2026-09-13 16:11:44
EC-REC-00063,"Loke, Manda and Chhabra E-Waste Recycling","Loke, Manda and Chhabra E-Waste Recycling Facility","68, Industrial Area, Nashik, Maharashtra",Nashik,Maharashtra,527973.0,Advay Setty,5638179334,zayan88@dalia-chopra.com,https://www.lokemandaandchhabrae.example.com,SYN-CPCB-66626,Synthetic Prototype,2025-02-18,2027-10-28,Maharashtra Pollution Control Board,Synthetic - Pending Verification,2026-09-13,"PCB, Batteries, Copper, Aluminium","IT Equipment, Telecommunication Equipment",10391,No,"Nashik, Maharashtra",Plastic,16.79,kg,Synthetic Indicative Price,SYNTHETIC_PROTOTYPE,2026-09-13,2026-10-13,10,0,19.791482,75.651659,74,86,0.68,E-CIRCLE Synthetic Dataset,SYNTHETIC,website,TRUE,2026-09-13 16:11:44,2026-09-13 16:11:44
EC-REC-00064,Babu-Yogi E-Waste Recycling,Babu-Yogi E-Waste Recycling Facility,"55/90, Industrial Area, Madurai, Tamil Nadu",Madurai,Tamil Nadu,751714.0,Radhika Tara,1945909354,janaki49@bhakta.com,https://www.babuyogiewasterecycl.example.com,SYN-CPCB-95394,Synthetic Prototype,2025-03-27,2030-07-03,Tamil Nadu Pollution Control Board,Synthetic - Pending Verification,2026-09-13,"PCB, Copper, Plastics, Glass","IT Equipment, Telecommunication Equipment",3473,No,"Madurai, Tamil Nadu",Aluminium,127.05,kg,Synthetic Indicative Price,SYNTHETIC_PROTOTYPE,2026-09-13,2026-10-13,500,750,11.203347,78.920009,65,80,0.6,E-CIRCLE Synthetic Dataset,SYNTHETIC,website,TRUE,2026-09-13 16:11:44,2026-09-13 16:11:44
EC-REC-00065,Contractor-Bahl E-Waste Recycling,Contractor-Bahl E-Waste Recycling Facility,"34/870, Industrial Area, Pune, Maharashtra",Pune,Maharashtra,926314.0,Aachal Ramachandran,5136056465,sampathyoshita@krishna-nagar.com,https://www.contractorbahlewaste.example.com,SYN-CPCB-74942,Synthetic Prototype,2023-09-28,2031-02-16,Maharashtra Pollution Control Board,Synthetic - Pending Verification,2026-09-13,"PCB, Precious Metals, Copper, Aluminium","IT Equipment, Batteries",7061,Yes,"Pune, Maharashtra",PCB,264.66,kg,Synthetic Indicative Price,SYNTHETIC_PROTOTYPE,2026-09-13,2026-10-13,100,0,19.921634,76.071633,80,66,0.6,E-CIRCLE Synthetic Dataset,SYNTHETIC,website,TRUE,2026-09-13 16:11:44,2026-09-13 16:11:44
EC-REC-00066,Mannan Ltd E-Waste Recycling,Mannan Ltd E-Waste Recycling Facility,"230, Industrial Area, Hyderabad, Telangana",Hyderabad,Telangana,163529.0,Siya Kala,1110700268,jaggiazaan@iyengar.org,https://www.mannanltdewasterecyc.example.com,SYN-CPCB-77952,Synthetic Prototype,2024-12-03,2028-05-27,Telangana Pollution Control Board,Synthetic - Pending Verification,2026-09-13,"PCB, Precious Metals, Copper, Aluminium","Electrical Equipment, Consumer Electronics",12893,No,"Hyderabad, Telangana",Ferrous Metal,21.63,kg,Synthetic Indicative Price,SYNTHETIC_PROTOTYPE,2026-09-13,2026-10-13,500,750,18.27006,79.061894,63,63,0.58,E-CIRCLE Synthetic Dataset,SYNTHETIC,website,TRUE,2026-09-13 16:11:44,2026-09-13 16:11:44
EC-REC-00067,"Uppal, Anne and Ratta E-Waste Recycling","Uppal, Anne and Ratta E-Waste Recycling Facility","75/71, Industrial Area, Mysuru, Karnataka",Mysuru,Karnataka,768574.0,Ikbal Babu,404514617,dugartamanna@vig.com,https://www.uppalanneandrattaewa.example.com,SYN-CPCB-92578,Synthetic Prototype,2025-01-01,2029-10-26,Karnataka Pollution Control Board,Synthetic - Pending Verification,2026-09-13,"Copper, Aluminium, Iron, Plastics","IT Equipment, Electrical Equipment",4420,Yes,"Mysuru, Karnataka",Copper,360.1,kg,Synthetic Indicative Price,SYNTHETIC_PROTOTYPE,2026-09-13,2026-10-13,50,1000,15.255416,75.91215,60,85,0.62,E-CIRCLE Synthetic Dataset,SYNTHETIC,website,TRUE,2026-09-13 16:11:44,2026-09-13 16:11:44
EC-REC-00068,"Chakrabarti, Roy and Sundaram E-Waste Recycling","Chakrabarti, Roy and Sundaram E-Waste Recycling Facility","36, Industrial Area, Bengaluru, Karnataka",Bengaluru,Karnataka,566713.0,Zaitra Jani,7761725758,meghana70@dugal-dyal.net,https://www.chakrabartiroyandsun.example.com,SYN-CPCB-48254,Synthetic Prototype,2023-08-15,2029-10-29,Karnataka Pollution Control Board,Synthetic - Pending Verification,2026-09-13,"Copper, Aluminium, Iron, Plastics","IT Equipment, Batteries",4979,No,"Bengaluru, Karnataka",Cables,130.79,kg,Synthetic Indicative Price,SYNTHETIC_PROTOTYPE,2026-09-13,2026-10-13,100,750,15.278748,75.331366,75,79,0.67,E-CIRCLE Synthetic Dataset,SYNTHETIC,website,TRUE,2026-09-13 16:11:44,2026-09-13 16:11:44
EC-REC-00069,Chacko-Shah E-Waste Recycling,Chacko-Shah E-Waste Recycling Facility,"H.No. 733, Industrial Area, Hyderabad, Telangana",Hyderabad,Telangana,850371.0,Oliver Parmar,5092941789,orinder63@vig-ghose.org,https://www.chackoshahewasterecy.example.com,SYN-CPCB-46208,Synthetic Prototype,2024-03-02,2030-12-27,Telangana Pollution Control Board,Synthetic - Pending Verification,2026-09-13,"Metals, Plastics, PCB, Cables","IT Equipment, Electrical Equipment",14498,No,"Hyderabad, Telangana",Aluminium,166.4,kg,Synthetic Indicative Price,SYNTHETIC_PROTOTYPE,2026-09-13,2026-10-13,50,1000,18.534268,79.027541,77,50,0.58,E-CIRCLE Synthetic Dataset,SYNTHETIC,website,TRUE,2026-09-13 16:11:44,2026-09-13 16:11:44
EC-REC-00070,"Chowdhury, Raman and Rastogi E-Waste Recycling","Chowdhury, Raman and Rastogi E-Waste Recycling Facility","83/88, Industrial Area, Nashik, Maharashtra",Nashik,Maharashtra,374046.0,Warinder Sathe,3071130406,dixitbanjeet@samra-puri.com,https://www.chowdhuryramanandras.example.com,SYN-CPCB-80592,Synthetic Prototype,2024-03-21,2029-12-17,Maharashtra Pollution Control Board,Synthetic - Pending Verification,2026-09-13,"PCB, Copper, Plastics, Glass","IT Equipment, Telecommunication Equipment",5946,No,"Nashik, Maharashtra",Cables,129.72,kg,Synthetic Indicative Price,SYNTHETIC_PROTOTYPE,2026-09-13,2026-10-13,100,500,19.831423,75.873841,72,65,0.67,E-CIRCLE Synthetic Dataset,SYNTHETIC,website,TRUE,2026-09-13 16:11:44,2026-09-13 16:11:44
EC-REC-00071,Nagar-Panchal E-Waste Recycling,Nagar-Panchal E-Waste Recycling Facility,"H.No. 71, Industrial Area, Mysuru, Karnataka",Mysuru,Karnataka,819283.0,Tripti Walia,2460003624,murtylekha@mangat.com,https://www.nagarpanchalewastere.example.com,SYN-CPCB-59968,Synthetic Prototype,2025-01-02,2030-10-27,Karnataka Pollution Control Board,Synthetic - Pending Verification,2026-09-13,"PCB, Copper, Plastics, Glass","IT Equipment, Batteries",13482,Yes,"Mysuru, Karnataka",Mixed E-Waste,93.07,kg,Synthetic Indicative Price,SYNTHETIC_PROTOTYPE,2026-09-13,2026-10-13,100,0,14.860947,75.958605,68,82,0.79,E-CIRCLE Synthetic Dataset,SYNTHETIC,website,TRUE,2026-09-13 16:11:44,2026-09-13 16:11:44
EC-REC-00072,Devi LLC E-Waste Recycling,Devi LLC E-Waste Recycling Facility,"95/072, Industrial Area, Mumbai, Maharashtra",Mumbai,Maharashtra,398876.0,Tejas Khalsa,910372178336,madhavilad@gara.org,https://www.devillcewasterecycli.example.com,SYN-CPCB-12011,Synthetic Prototype,2025-05-16,2028-10-23,Maharashtra Pollution Control Board,Synthetic - Pending Verification,2026-09-13,"PCB, Batteries, Copper, Aluminium","IT Equipment, Electrical Equipment",7217,Yes,"Mumbai, Maharashtra",Plastic,55.97,kg,Synthetic Indicative Price,SYNTHETIC_PROTOTYPE,2026-09-13,2026-10-13,10,750,20.12569,75.654206,76,71,0.69,E-CIRCLE Synthetic Dataset,SYNTHETIC,website,TRUE,2026-09-13 16:11:44,2026-09-13 16:11:44
EC-REC-00073,Chakrabarti-Wable E-Waste Recycling,Chakrabarti-Wable E-Waste Recycling Facility,"65/63, Industrial Area, Hyderabad, Telangana",Hyderabad,Telangana,315354.0,Jack Bhatia,919507868103,esawhney@tak-chand.com,https://www.chakrabartiwableewas.example.com,SYN-CPCB-51505,Synthetic Prototype,2023-01-29,2030-03-07,Telangana Pollution Control Board,Synthetic - Pending Verification,2026-09-13,"PCB, Batteries, Copper, Aluminium","IT Equipment, Batteries",12942,No,"Hyderabad, Telangana",Cables,206.72,kg,Synthetic Indicative Price,SYNTHETIC_PROTOTYPE,2026-09-13,2026-10-13,250,0,18.464165,79.371641,64,65,0.69,E-CIRCLE Synthetic Dataset,SYNTHETIC,website,TRUE,2026-09-13 16:11:44,2026-09-13 16:11:44
EC-REC-00074,Pillay and Sons E-Waste Recycling,Pillay and Sons E-Waste Recycling Facility,"452, Industrial Area, Mumbai, Maharashtra",Mumbai,Maharashtra,599304.0,Yug Kadakia,2940226955,yashasvikeer@shetty.com,https://www.pillayandsonsewaster.example.com,SYN-CPCB-23173,Synthetic Prototype,2023-10-13,2031-01-20,Maharashtra Pollution Control Board,Synthetic - Pending Verification,2026-09-13,"PCB, Copper, Plastics, Glass","IT Equipment, Electrical Equipment",11870,No,"Mumbai, Maharashtra",Copper,616.13,kg,Synthetic Indicative Price,SYNTHETIC_PROTOTYPE,2026-09-13,2026-10-13,10,0,19.998266,75.647871,80,53,0.59,E-CIRCLE Synthetic Dataset,SYNTHETIC,website,TRUE,2026-09-13 16:11:44,2026-09-13 16:11:44
EC-REC-00075,Chahal-Kakar E-Waste Recycling,Chahal-Kakar E-Waste Recycling Facility,"H.No. 760, Industrial Area, Pune, Maharashtra",Pune,Maharashtra,603830.0,Adweta Murthy,916719420409,vasatika53@dyal.com,https://www.chahalkakarewasterec.example.com,SYN-CPCB-33600,Synthetic Prototype,2024-02-02,2027-11-27,Maharashtra Pollution Control Board,Synthetic - Pending Verification,2026-09-13,"Copper, Aluminium, Cables, Plastics","IT Equipment, Electrical Equipment",1793,No,"Pune, Maharashtra",Plastic,45.68,kg,Synthetic Indicative Price,SYNTHETIC_PROTOTYPE,2026-09-13,2026-10-13,250,250,19.39707,75.745066,91,87,0.54,E-CIRCLE Synthetic Dataset,SYNTHETIC,website,TRUE,2026-09-13 16:11:44,2026-09-13 16:11:44
EC-REC-00076,"Dada, Golla and Johal E-Waste Recycling","Dada, Golla and Johal E-Waste Recycling Facility","H.No. 41, Industrial Area, Warangal, Telangana",Warangal,Telangana,159580.0,Ekavir Krishnamurthy,155381782,zayan25@joshi.org,https://www.dadagollaandjohalewa.example.com,SYN-CPCB-47700,Synthetic Prototype,2024-07-11,2031-01-31,Telangana Pollution Control Board,Synthetic - Pending Verification,2026-09-13,"PCB, Batteries, Copper, Aluminium","Electrical Equipment, Consumer Electronics",3088,Yes,"Warangal, Telangana",Cables,193.05,kg,Synthetic Indicative Price,SYNTHETIC_PROTOTYPE,2026-09-13,2026-10-13,100,500,18.07197,79.186141,79,90,0.79,E-CIRCLE Synthetic Dataset,SYNTHETIC,website,TRUE,2026-09-13 16:11:44,2026-09-13 16:11:44
EC-REC-00077,Ahuja Inc E-Waste Recycling,Ahuja Inc E-Waste Recycling Facility,"292, Industrial Area, Visakhapatnam, Andhra Pradesh",Visakhapatnam,Andhra Pradesh,192104.0,Pavani Rattan,3285617834,ghosedarpan@padmanabhan-kant.net,https://www.ahujaincewasterecycl.example.com,SYN-CPCB-23979,Synthetic Prototype,2023-09-06,2028-08-14,Andhra Pradesh Pollution Control Board,Synthetic - Pending Verification,2026-09-13,"Copper, Aluminium, Cables, Plastics","Consumer Electronics, Display Equipment",9870,No,"Visakhapatnam, Andhra Pradesh",Ferrous Metal,45.6,kg,Synthetic Indicative Price,SYNTHETIC_PROTOTYPE,2026-09-13,2026-10-13,250,500,15.869736,79.542122,78,51,0.79,E-CIRCLE Synthetic Dataset,SYNTHETIC,website,TRUE,2026-09-13 16:11:44,2026-09-13 16:11:44
EC-REC-00078,"Mital, Dhaliwal and Banik E-Waste Recycling","Mital, Dhaliwal and Banik E-Waste Recycling Facility","31, Industrial Area, Visakhapatnam, Andhra Pradesh",Visakhapatnam,Andhra Pradesh,990115.0,Amaira Kumar,8564526994,qghosh@narain-rege.net,https://www.mitaldhaliwalandbani.example.com,SYN-CPCB-16428,Synthetic Prototype,2024-06-06,2028-04-25,Andhra Pradesh Pollution Control Board,Synthetic - Pending Verification,2026-09-13,"Copper, Aluminium, Iron, Plastics","IT Equipment, Batteries",8638,No,"Visakhapatnam, Andhra Pradesh",Mixed E-Waste,82.26,kg,Synthetic Indicative Price,SYNTHETIC_PROTOTYPE,2026-09-13,2026-10-13,25,1000,15.68738,79.805929,82,64,0.69,E-CIRCLE Synthetic Dataset,SYNTHETIC,website,TRUE,2026-09-13 16:11:44,2026-09-13 16:11:44
EC-REC-00079,Shan-Jayaraman E-Waste Recycling,Shan-Jayaraman E-Waste Recycling Facility,"313, Industrial Area, Thiruvananthapuram, Kerala",Thiruvananthapuram,Kerala,201035.0,Yachana Ramachandran,4858973797,anay80@jha.com,https://www.shanjayaramanewaster.example.com,SYN-CPCB-27927,Synthetic Prototype,2023-08-11,2031-03-28,Kerala Pollution Control Board,Synthetic - Pending Verification,2026-09-13,"PCB, Batteries, Copper, Aluminium","IT Equipment, Consumer Electronics",10780,Yes,"Thiruvananthapuram, Kerala",Mixed E-Waste,74.47,kg,Synthetic Indicative Price,SYNTHETIC_PROTOTYPE,2026-09-13,2026-10-13,50,750,11.028264,76.492028,62,87,0.61,E-CIRCLE Synthetic Dataset,SYNTHETIC,website,TRUE,2026-09-13 16:11:44,2026-09-13 16:11:44
EC-REC-00080,"Kala, Badami and Bhardwaj E-Waste Recycling","Kala, Badami and Bhardwaj E-Waste Recycling Facility","01/636, Industrial Area, Bengaluru, Karnataka",Bengaluru,Karnataka,748835.0,Raghav Chopra,919772021690,zdugar@gupta.biz,https://www.kalabadamiandbhardwa.example.com,SYN-CPCB-27322,Synthetic Prototype,2025-01-27,2028-10-25,Karnataka Pollution Control Board,Synthetic - Pending Verification,2026-09-13,"Metals, Plastics, PCB, Cables","Electrical Equipment, Consumer Electronics",14859,No,"Bengaluru, Karnataka",Ferrous Metal,25.27,kg,Synthetic Indicative Price,SYNTHETIC_PROTOTYPE,2026-09-13,2026-10-13,250,1000,15.726928,75.540619,77,60,0.58,E-CIRCLE Synthetic Dataset,SYNTHETIC,website,TRUE,2026-09-13 16:11:44,2026-09-13 16:11:44
EC-REC-00081,"Lala, Cheema and Dubey E-Waste Recycling","Lala, Cheema and Dubey E-Waste Recycling Facility","227, Industrial Area, Warangal, Telangana",Warangal,Telangana,703069.0,Dayita Barad,507875623,owable@parmar.com,https://www.lalacheemaanddubeyew.example.com,SYN-CPCB-19869,Synthetic Prototype,2024-12-17,2029-09-27,Telangana Pollution Control Board,Synthetic - Pending Verification,2026-09-13,"Copper, Aluminium, Cables, Plastics","IT Equipment, Electrical Equipment",4196,No,"Warangal, Telangana",Copper,513.92,kg,Synthetic Indicative Price,SYNTHETIC_PROTOTYPE,2026-09-13,2026-10-13,250,500,18.358959,78.858015,65,75,0.5,E-CIRCLE Synthetic Dataset,SYNTHETIC,website,TRUE,2026-09-13 16:11:44,2026-09-13 16:11:44
EC-REC-00082,Baral and Sons E-Waste Recycling,Baral and Sons E-Waste Recycling Facility,"674, Industrial Area, Kochi, Kerala",Kochi,Kerala,239491.0,Chaaya Banerjee,914255012345,warindersridhar@borah.com,https://www.baralandsonsewastere.example.com,SYN-CPCB-59941,Synthetic Prototype,2024-05-07,2028-06-17,Kerala Pollution Control Board,Synthetic - Pending Verification,2026-09-13,"Metals, Plastics, PCB, Cables","IT Equipment, Batteries",6586,Yes,"Kochi, Kerala",Mixed E-Waste,40.97,kg,Synthetic Indicative Price,SYNTHETIC_PROTOTYPE,2026-09-13,2026-10-13,500,250,10.805286,76.443928,90,51,0.69,E-CIRCLE Synthetic Dataset,SYNTHETIC,website,TRUE,2026-09-13 16:11:44,2026-09-13 16:11:44
EC-REC-00083,Swamy Inc E-Waste Recycling,Swamy Inc E-Waste Recycling Facility,"442, Industrial Area, Thiruvananthapuram, Kerala",Thiruvananthapuram,Kerala,976084.0,Oliver Pandya,911367525878,baljiwan80@borra.info,https://www.swamyincewasterecycl.example.com,SYN-CPCB-70852,Synthetic Prototype,2023-11-06,2031-08-14,Kerala Pollution Control Board,Synthetic - Pending Verification,2026-09-13,"PCB, Batteries, Copper, Aluminium","IT Equipment, Telecommunication Equipment",11137,No,"Thiruvananthapuram, Kerala",Copper,572.39,kg,Synthetic Indicative Price,SYNTHETIC_PROTOTYPE,2026-09-13,2026-10-13,10,250,11.265756,75.992467,62,52,0.59,E-CIRCLE Synthetic Dataset,SYNTHETIC,website,TRUE,2026-09-13 16:11:44,2026-09-13 16:11:44
EC-REC-00084,Khare Inc E-Waste Recycling,Khare Inc E-Waste Recycling Facility,"75, Industrial Area, Hyderabad, Telangana",Hyderabad,Telangana,487259.0,Brinda Mallick,912737606532,dhingralopa@uppal-chaudhary.org,https://www.khareincewasterecycl.example.com,SYN-CPCB-58629,Synthetic Prototype,2023-02-09,2028-04-15,Telangana Pollution Control Board,Synthetic - Pending Verification,2026-09-13,"PCB, Batteries, Copper, Aluminium","IT Equipment, Batteries",11911,No,"Hyderabad, Telangana",Aluminium,118.86,kg,Synthetic Indicative Price,SYNTHETIC_PROTOTYPE,2026-09-13,2026-10-13,250,250,17.709592,79.406559,86,56,0.75,E-CIRCLE Synthetic Dataset,SYNTHETIC,website,TRUE,2026-09-13 16:11:44,2026-09-13 16:11:44
EC-REC-00085,Nayar-Dutta E-Waste Recycling,Nayar-Dutta E-Waste Recycling Facility,"H.No. 544, Industrial Area, Thiruvananthapuram, Kerala",Thiruvananthapuram,Kerala,575082.0,Ishanvi Dube,3743137178,victorbora@parikh.com,https://www.nayarduttaewasterecy.example.com,SYN-CPCB-68115,Synthetic Prototype,2023-08-10,2029-08-31,Kerala Pollution Control Board,Synthetic - Pending Verification,2026-09-13,"PCB, Copper, Plastics, Glass","IT Equipment, Electrical Equipment",14515,No,"Thiruvananthapuram, Kerala",Mixed E-Waste,49.64,kg,Synthetic Indicative Price,SYNTHETIC_PROTOTYPE,2026-09-13,2026-10-13,10,500,11.289553,76.05084,94,72,0.52,E-CIRCLE Synthetic Dataset,SYNTHETIC,website,TRUE,2026-09-13 16:11:44,2026-09-13 16:11:44
EC-REC-00086,Walia-Wable E-Waste Recycling,Walia-Wable E-Waste Recycling Facility,"12/070, Industrial Area, Mumbai, Maharashtra",Mumbai,Maharashtra,43949.0,Jai Kapur,912705239915,manivanya@sachdev.com,https://www.waliawableewasterecy.example.com,SYN-CPCB-96870,Synthetic Prototype,2024-02-13,2029-05-13,Maharashtra Pollution Control Board,Synthetic - Pending Verification,2026-09-13,"Copper, Aluminium, Cables, Plastics","IT Equipment, Batteries",10977,Yes,"Mumbai, Maharashtra",Cables,190.94,kg,Synthetic Indicative Price,SYNTHETIC_PROTOTYPE,2026-09-13,2026-10-13,10,500,20.219707,76.162911,75,58,0.74,E-CIRCLE Synthetic Dataset,SYNTHETIC,website,TRUE,2026-09-13 16:11:44,2026-09-13 16:11:44
EC-REC-00087,Hans-Kala E-Waste Recycling,Hans-Kala E-Waste Recycling Facility,"H.No. 304, Industrial Area, Bengaluru, Karnataka",Bengaluru,Karnataka,730259.0,Nitesh Thaman,242226516,chasmum25@goyal.com,https://www.hanskalaewasterecycl.example.com,SYN-CPCB-40539,Synthetic Prototype,2024-10-05,2031-01-12,Karnataka Pollution Control Board,Synthetic - Pending Verification,2026-09-13,"PCB, Precious Metals, Copper, Aluminium","IT Equipment, Electrical Equipment",2917,Yes,"Bengaluru, Karnataka",Plastic,24.72,kg,Synthetic Indicative Price,SYNTHETIC_PROTOTYPE,2026-09-13,2026-10-13,50,250,15.647118,75.768108,68,84,0.58,E-CIRCLE Synthetic Dataset,SYNTHETIC,website,TRUE,2026-09-13 16:11:44,2026-09-13 16:11:44
EC-REC-00088,Chopra and Sons E-Waste Recycling,Chopra and Sons E-Waste Recycling Facility,"80/047, Industrial Area, Bengaluru, Karnataka",Bengaluru,Karnataka,770171.0,Dalbir Rajagopalan,2464194468,bishakhanadig@karpe.com,https://www.chopraandsonsewaster.example.com,SYN-CPCB-41186,Synthetic Prototype,2023-05-07,2029-09-12,Karnataka Pollution Control Board,Synthetic - Pending Verification,2026-09-13,"Copper, Aluminium, Iron, Plastics","IT Equipment, Telecommunication Equipment",758,Yes,"Bengaluru, Karnataka",Copper,475.38,kg,Synthetic Indicative Price,SYNTHETIC_PROTOTYPE,2026-09-13,2026-10-13,50,0,15.478358,75.23968,68,76,0.66,E-CIRCLE Synthetic Dataset,SYNTHETIC,website,TRUE,2026-09-13 16:11:44,2026-09-13 16:11:44
EC-REC-00089,"Kamdar, Dixit and Sibal E-Waste Recycling","Kamdar, Dixit and Sibal E-Waste Recycling Facility","H.No. 227, Industrial Area, Vijayawada, Andhra Pradesh",Vijayawada,Andhra Pradesh,866725.0,Eiravati Nigam,913376191422,bdeshpande@karpe.com,https://www.kamdardixitandsibale.example.com,SYN-CPCB-69245,Synthetic Prototype,2025-04-08,2031-05-20,Andhra Pradesh Pollution Control Board,Synthetic - Pending Verification,2026-09-13,"Copper, Aluminium, Iron, Plastics","IT Equipment, Electrical Equipment",10577,Yes,"Vijayawada, Andhra Pradesh",Plastic,41.71,kg,Synthetic Indicative Price,SYNTHETIC_PROTOTYPE,2026-09-13,2026-10-13,500,1000,15.889146,80.018017,79,79,0.69,E-CIRCLE Synthetic Dataset,SYNTHETIC,website,TRUE,2026-09-13 16:11:44,2026-09-13 16:11:44
EC-REC-00090,Zachariah-Gaba E-Waste Recycling,Zachariah-Gaba E-Waste Recycling Facility,"H.No. 91, Industrial Area, Chennai, Tamil Nadu",Chennai,Tamil Nadu,655953.0,Edhitha Ahluwalia,3651061919,nihalravi@tara.info,https://www.zachariahgabaewaster.example.com,SYN-CPCB-74260,Synthetic Prototype,2022-12-18,2028-02-23,Tamil Nadu Pollution Control Board,Synthetic - Pending Verification,2026-09-13,"PCB, Batteries, Copper, Aluminium","Consumer Electronics, Display Equipment",1704,Yes,"Chennai, Tamil Nadu",Ferrous Metal,40.58,kg,Synthetic Indicative Price,SYNTHETIC_PROTOTYPE,2026-09-13,2026-10-13,50,1000,11.625687,79.004199,69,54,0.54,E-CIRCLE Synthetic Dataset,SYNTHETIC,website,TRUE,2026-09-13 16:11:44,2026-09-13 16:11:44
EC-REC-00091,Bansal and Sons E-Waste Recycling,Bansal and Sons E-Waste Recycling Facility,"96, Industrial Area, Thiruvananthapuram, Kerala",Thiruvananthapuram,Kerala,472390.0,Darika Sachdeva,915978943592,tchaudhari@minhas-walla.com,https://www.bansalandsonsewaster.example.com,SYN-CPCB-89354,Synthetic Prototype,2025-04-19,2028-10-23,Kerala Pollution Control Board,Synthetic - Pending Verification,2026-09-13,"PCB, Copper, Plastics, Glass","IT Equipment, Consumer Electronics",13494,Yes,"Thiruvananthapuram, Kerala",PCB,281.49,kg,Synthetic Indicative Price,SYNTHETIC_PROTOTYPE,2026-09-13,2026-10-13,500,1000,10.731404,76.368492,73,77,0.64,E-CIRCLE Synthetic Dataset,SYNTHETIC,website,TRUE,2026-09-13 16:11:44,2026-09-13 16:11:44
EC-REC-00092,Saraf-Krishna E-Waste Recycling,Saraf-Krishna E-Waste Recycling Facility,"86/60, Industrial Area, Mysuru, Karnataka",Mysuru,Karnataka,258766.0,Zashil Kuruvilla,5108868201,arandhawa@koshy.com,https://www.sarafkrishnaewastere.example.com,SYN-CPCB-50966,Synthetic Prototype,2023-07-08,2027-09-15,Karnataka Pollution Control Board,Synthetic - Pending Verification,2026-09-13,"PCB, Copper, Plastics, Glass","IT Equipment, Telecommunication Equipment",11397,No,"Mysuru, Karnataka",Ferrous Metal,41.89,kg,Synthetic Indicative Price,SYNTHETIC_PROTOTYPE,2026-09-13,2026-10-13,50,250,15.156232,75.667399,90,54,0.53,E-CIRCLE Synthetic Dataset,SYNTHETIC,website,TRUE,2026-09-13 16:11:44,2026-09-13 16:11:44
EC-REC-00093,Murty-Khare E-Waste Recycling,Murty-Khare E-Waste Recycling Facility,"27/741, Industrial Area, Chennai, Tamil Nadu",Chennai,Tamil Nadu,987220.0,Sachi Kapur,913520383678,dev58@parmer-deshmukh.com,https://www.murtykhareewasterecy.example.com,SYN-CPCB-82924,Synthetic Prototype,2024-09-17,2030-03-19,Tamil Nadu Pollution Control Board,Synthetic - Pending Verification,2026-09-13,"PCB, Copper, Aluminium, Ferrous Metals, Plastics","Electrical Equipment, Consumer Electronics",9701,No,"Chennai, Tamil Nadu",PCB,424.71,kg,Synthetic Indicative Price,SYNTHETIC_PROTOTYPE,2026-09-13,2026-10-13,500,0,11.058977,78.901489,86,72,0.76,E-CIRCLE Synthetic Dataset,SYNTHETIC,website,TRUE,2026-09-13 16:11:44,2026-09-13 16:11:44
EC-REC-00094,"Rama, Tara and Grover E-Waste Recycling","Rama, Tara and Grover E-Waste Recycling Facility","31/049, Industrial Area, Hyderabad, Telangana",Hyderabad,Telangana,867991.0,Vasana Vyas,4564441050,upadhriti55@upadhyay-vohra.net,https://www.ramataraandgroverewa.example.com,SYN-CPCB-76507,Synthetic Prototype,2024-02-01,2030-09-06,Telangana Pollution Control Board,Synthetic - Pending Verification,2026-09-13,"Copper, Aluminium, Cables, Plastics","IT Equipment, Electrical Equipment",11259,No,"Hyderabad, Telangana",PCB,141.44,kg,Synthetic Indicative Price,SYNTHETIC_PROTOTYPE,2026-09-13,2026-10-13,25,0,18.580799,79.11971,82,85,0.61,E-CIRCLE Synthetic Dataset,SYNTHETIC,website,TRUE,2026-09-13 16:11:44,2026-09-13 16:11:44
EC-REC-00095,Hans Group E-Waste Recycling,Hans Group E-Waste Recycling Facility,"050, Industrial Area, Nashik, Maharashtra",Nashik,Maharashtra,904812.0,Nilima Chaudhry,915607261491,shahtara@wable.com,https://www.hansgroupewasterecyc.example.com,SYN-CPCB-91490,Synthetic Prototype,2023-06-23,2028-06-06,Maharashtra Pollution Control Board,Synthetic - Pending Verification,2026-09-13,"Copper, Aluminium, Iron, Plastics","IT Equipment, Batteries",11029,Yes,"Nashik, Maharashtra",Plastic,58.85,kg,Synthetic Indicative Price,SYNTHETIC_PROTOTYPE,2026-09-13,2026-10-13,250,500,19.477659,75.643012,61,61,0.58,E-CIRCLE Synthetic Dataset,SYNTHETIC,website,TRUE,2026-09-13 16:11:44,2026-09-13 16:11:44
EC-REC-00096,Vaidya Group E-Waste Recycling,Vaidya Group E-Waste Recycling Facility,"H.No. 264, Industrial Area, Pune, Maharashtra",Pune,Maharashtra,589224.0,Zaitra Sibal,1451867757,vamakshi93@amble.com,https://www.vaidyagroupewasterec.example.com,SYN-CPCB-62531,Synthetic Prototype,2024-05-14,2031-03-08,Maharashtra Pollution Control Board,Synthetic - Pending Verification,2026-09-13,"PCB, Copper, Aluminium, Ferrous Metals, Plastics","IT Equipment, Electrical Equipment",12640,Yes,"Pune, Maharashtra",Aluminium,136.63,kg,Synthetic Indicative Price,SYNTHETIC_PROTOTYPE,2026-09-13,2026-10-13,10,1000,19.602523,75.395306,73,74,0.63,E-CIRCLE Synthetic Dataset,SYNTHETIC,website,TRUE,2026-09-13 16:11:44,2026-09-13 16:11:44
EC-REC-00097,Modi-Chaudry E-Waste Recycling,Modi-Chaudry E-Waste Recycling Facility,"96/558, Industrial Area, Mumbai, Maharashtra",Mumbai,Maharashtra,643286.0,Wazir Varty,5555221314,trivenidua@chhabra-natarajan.com,https://www.modichaudryewasterec.example.com,SYN-CPCB-88148,Synthetic Prototype,2024-01-13,2029-03-26,Maharashtra Pollution Control Board,Synthetic - Pending Verification,2026-09-13,"PCB, Copper, Aluminium, Ferrous Metals, Plastics","IT Equipment, Consumer Electronics",3049,Yes,"Mumbai, Maharashtra",Cables,288.28,kg,Synthetic Indicative Price,SYNTHETIC_PROTOTYPE,2026-09-13,2026-10-13,250,0,19.621553,75.935496,65,67,0.63,E-CIRCLE Synthetic Dataset,SYNTHETIC,website,TRUE,2026-09-13 16:11:44,2026-09-13 16:11:44
EC-REC-00098,Gaba Ltd E-Waste Recycling,Gaba Ltd E-Waste Recycling Facility,"H.No. 25, Industrial Area, Warangal, Telangana",Warangal,Telangana,525854.0,Dayita Sha,919643347844,bavagunbir@lad-varkey.com,https://www.gabaltdewasterecycli.example.com,SYN-CPCB-24918,Synthetic Prototype,2025-03-26,2030-06-17,Telangana Pollution Control Board,Synthetic - Pending Verification,2026-09-13,"PCB, Precious Metals, Copper, Aluminium","Consumer Electronics, Display Equipment",2316,No,"Warangal, Telangana",Aluminium,155.49,kg,Synthetic Indicative Price,SYNTHETIC_PROTOTYPE,2026-09-13,2026-10-13,500,1000,18.219476,78.933484,91,83,0.7,E-CIRCLE Synthetic Dataset,SYNTHETIC,website,TRUE,2026-09-13 16:11:44,2026-09-13 16:11:44
EC-REC-00099,Nagy-Kalita E-Waste Recycling,Nagy-Kalita E-Waste Recycling Facility,"998, Industrial Area, Coimbatore, Tamil Nadu",Coimbatore,Tamil Nadu,303314.0,Chandran Jhaveri,1324412210,advaith47@varughese.com,https://www.nagykalitaewasterecy.example.com,SYN-CPCB-37686,Synthetic Prototype,2023-04-29,2030-06-04,Tamil Nadu Pollution Control Board,Synthetic - Pending Verification,2026-09-13,"Metals, Plastics, PCB, Cables","IT Equipment, Electrical Equipment",13020,No,"Coimbatore, Tamil Nadu",Copper,421.55,kg,Synthetic Indicative Price,SYNTHETIC_PROTOTYPE,2026-09-13,2026-10-13,50,500,11.022363,78.756225,67,50,0.65,E-CIRCLE Synthetic Dataset,SYNTHETIC,website,TRUE,2026-09-13 16:11:44,2026-09-13 16:11:44
EC-REC-00100,"Parsa, Koshy and Bains E-Waste Recycling","Parsa, Koshy and Bains E-Waste Recycling Facility","39, Industrial Area, Hyderabad, Telangana",Hyderabad,Telangana,318081.0,Widisha Khatri,913850285966,malhotrasaumya@bakshi.com,https://www.parsakoshyandbainsew.example.com,SYN-CPCB-97562,Synthetic Prototype,2025-05-07,2030-05-19,Telangana Pollution Control Board,Synthetic - Pending Verification,2026-09-13,"Metals, Plastics, PCB, Cables","IT Equipment, Telecommunication Equipment",1680,No,"Hyderabad, Telangana",Aluminium,130.03,kg,Synthetic Indicative Price,SYNTHETIC_PROTOTYPE,2026-09-13,2026-10-13,500,0,17.741586,79.051882,87,51,0.64,E-CIRCLE Synthetic Dataset,SYNTHETIC,website,TRUE,2026-09-13 16:11:44,2026-09-13 16:11:44
EC-REC-00101,Garg Inc E-Waste Recycling,Garg Inc E-Waste Recycling Facility,"20/589, Industrial Area, Madurai, Tamil Nadu",Madurai,Tamil Nadu,701799.0,Mohammed Bains,9475187798,janakiprashad@ramaswamy.com,https://www.gargincewasterecycli.example.com,SYN-CPCB-47947,Synthetic Prototype,2024-06-21,2030-06-16,Tamil Nadu Pollution Control Board,Synthetic - Pending Verification,2026-09-13,"PCB, Copper, Aluminium, Ferrous Metals, Plastics","Consumer Electronics, Display Equipment",841,No,"Madurai, Tamil Nadu",Mixed E-Waste,71.21,kg,Synthetic Indicative Price,SYNTHETIC_PROTOTYPE,2026-09-13,2026-10-13,25,1000,11.202859,78.7303,89,73,0.53,E-CIRCLE Synthetic Dataset,SYNTHETIC,website,TRUE,2026-09-13 16:11:44,2026-09-13 16:11:44
EC-REC-00102,"Badami, Tella and Ganesan E-Waste Recycling","Badami, Tella and Ganesan E-Waste Recycling Facility","H.No. 50, Industrial Area, Coimbatore, Tamil Nadu",Coimbatore,Tamil Nadu,701292.0,Raghav Samra,8540095879,bishakhasidhu@de.com,https://www.badamitellaandganesa.example.com,SYN-CPCB-50668,Synthetic Prototype,2023-12-27,2031-03-29,Tamil Nadu Pollution Control Board,Synthetic - Pending Verification,2026-09-13,"PCB, Batteries, Copper, Aluminium","IT Equipment, Telecommunication Equipment",4130,No,"Coimbatore, Tamil Nadu",Copper,488.52,kg,Synthetic Indicative Price,SYNTHETIC_PROTOTYPE,2026-09-13,2026-10-13,25,0,11.062777,78.55735,92,90,0.53,E-CIRCLE Synthetic Dataset,SYNTHETIC,website,TRUE,2026-09-13 16:11:44,2026-09-13 16:11:44
EC-REC-00103,"Mittal, Setty and Shankar E-Waste Recycling","Mittal, Setty and Shankar E-Waste Recycling Facility","67, Industrial Area, Kochi, Kerala",Kochi,Kerala,567365.0,Yatan Jain,1744034591,sensaumya@sinha.com,https://www.mittalsettyandshanka.example.com,SYN-CPCB-94599,Synthetic Prototype,2025-02-02,2027-10-10,Kerala Pollution Control Board,Synthetic - Pending Verification,2026-09-13,"Metals, Plastics, PCB, Cables","IT Equipment, Electrical Equipment",4371,Yes,"Kochi, Kerala",Mixed E-Waste,96.66,kg,Synthetic Indicative Price,SYNTHETIC_PROTOTYPE,2026-09-13,2026-10-13,25,500,11.256423,76.120475,72,61,0.68,E-CIRCLE Synthetic Dataset,SYNTHETIC,website,TRUE,2026-09-13 16:11:44,2026-09-13 16:11:44
EC-REC-00104,"Sule, Nadkarni and Chatterjee E-Waste Recycling","Sule, Nadkarni and Chatterjee E-Waste Recycling Facility","93/14, Industrial Area, Vijayawada, Andhra Pradesh",Vijayawada,Andhra Pradesh,188437.0,Niharika Srinivas,2114282440,ubora@bahl.biz,https://www.sulenadkarniandchatt.example.com,SYN-CPCB-83889,Synthetic Prototype,2024-12-28,2027-09-25,Andhra Pradesh Pollution Control Board,Synthetic - Pending Verification,2026-09-13,"Metals, Plastics, PCB, Cables","Electrical Equipment, Consumer Electronics",7854,No,"Vijayawada, Andhra Pradesh",Ferrous Metal,33.92,kg,Synthetic Indicative Price,SYNTHETIC_PROTOTYPE,2026-09-13,2026-10-13,500,500,15.590046,80.012848,69,78,0.52,E-CIRCLE Synthetic Dataset,SYNTHETIC,website,TRUE,2026-09-13 16:11:44,2026-09-13 16:11:44
EC-REC-00105,Nayar and Sons E-Waste Recycling,Nayar and Sons E-Waste Recycling Facility,"15/504, Industrial Area, Warangal, Telangana",Warangal,Telangana,437875.0,Rachita Arora,7294746809,tanveer51@randhawa.com,https://www.nayarandsonsewastere.example.com,SYN-CPCB-50685,Synthetic Prototype,2022-10-01,2031-01-12,Telangana Pollution Control Board,Synthetic - Pending Verification,2026-09-13,"PCB, Copper, Plastics, Glass","Consumer Electronics, Display Equipment",1116,Yes,"Warangal, Telangana",PCB,302.93,kg,Synthetic Indicative Price,SYNTHETIC_PROTOTYPE,2026-09-13,2026-10-13,50,500,18.40873,79.11072,64,55,0.68,E-CIRCLE Synthetic Dataset,SYNTHETIC,website,TRUE,2026-09-13 16:11:44,2026-09-13 16:11:44
EC-REC-00106,"Sankaran, Solanki and Kar E-Waste Recycling","Sankaran, Solanki and Kar E-Waste Recycling Facility","34/111, Industrial Area, Thiruvananthapuram, Kerala",Thiruvananthapuram,Kerala,126265.0,Bina Thakkar,2823659325,hiral06@acharya-kade.com,https://www.sankaransolankiandka.example.com,SYN-CPCB-15376,Synthetic Prototype,2025-06-29,2029-01-11,Kerala Pollution Control Board,Synthetic - Pending Verification,2026-09-13,"PCB, Copper, Plastics, Glass","IT Equipment, Electrical Equipment",9866,Yes,"Thiruvananthapuram, Kerala",Cables,247.78,kg,Synthetic Indicative Price,SYNTHETIC_PROTOTYPE,2026-09-13,2026-10-13,50,1000,10.813212,76.325416,90,82,0.55,E-CIRCLE Synthetic Dataset,SYNTHETIC,website,TRUE,2026-09-13 16:11:44,2026-09-13 16:11:44
EC-REC-00107,"Mallick, Ramesh and Raghavan E-Waste Recycling","Mallick, Ramesh and Raghavan E-Waste Recycling Facility","H.No. 10, Industrial Area, Trichy, Tamil Nadu",Trichy,Tamil Nadu,789620.0,Riya Loke,918736390220,qaggarwal@sant-dey.info,https://www.mallickrameshandragh.example.com,SYN-CPCB-21053,Synthetic Prototype,2025-05-01,2030-04-07,Tamil Nadu Pollution Control Board,Synthetic - Pending Verification,2026-09-13,"Copper, Aluminium, Iron, Plastics","IT Equipment, Batteries",3327,Yes,"Trichy, Tamil Nadu",PCB,492.95,kg,Synthetic Indicative Price,SYNTHETIC_PROTOTYPE,2026-09-13,2026-10-13,25,750,10.730602,79.056027,88,83,0.66,E-CIRCLE Synthetic Dataset,SYNTHETIC,website,TRUE,2026-09-13 16:11:44,2026-09-13 16:11:44
EC-REC-00108,Lala Inc E-Waste Recycling,Lala Inc E-Waste Recycling Facility,"001, Industrial Area, Mysuru, Karnataka",Mysuru,Karnataka,741989.0,Laksh Barad,9801025470,ichoudhry@prabhu.com,https://www.lalaincewasterecycli.example.com,SYN-CPCB-98984,Synthetic Prototype,2023-02-07,2029-11-10,Karnataka Pollution Control Board,Synthetic - Pending Verification,2026-09-13,"Copper, Aluminium, Iron, Plastics","IT Equipment, Consumer Electronics",13430,No,"Mysuru, Karnataka",Ferrous Metal,43.23,kg,Synthetic Indicative Price,SYNTHETIC_PROTOTYPE,2026-09-13,2026-10-13,10,500,15.190152,75.496794,66,85,0.7,E-CIRCLE Synthetic Dataset,SYNTHETIC,website,TRUE,2026-09-13 16:11:44,2026-09-13 16:11:44